food,cuisine,category,display_amount,grams_per_display,protein_g_per_display,carbohydrates_g_per_display,fats_g_per_display,calories_kcal_per_display,protein_g_per_100g,carbohydrates_g_per_100g,fats_g_per_100g,calories_kcal_per_100g,source_primary,source_validation,validation_status,notes
Omelette,Eggs,breakfast,2 eggs,120,14.0,2.0,15.0,190.0,11.67,1.67,12.5,158.33,USDA FoodData Central,USDA FoodData Central egg reference,cross-validated,Plain omelette.
Egg Bhurji,Indian,breakfast,1 serving,150,14.0,6.0,16.0,220.0,9.33,4.0,10.67,146.67,Standard recipe estimate,IFCT 2017 + USDA FoodData Central egg dish comparable,recipe-estimate,Indian spiced scrambled eggs.
Poha,Marathi,breakfast,1 plate,200,6.0,44.0,12.0,300.0,3.0,22.0,6.0,150.0,IFCT 2017 + USDA FoodData Central + standard recipe estimate,Standard recipe estimate cross-checked against ingredient tables,cross-validated,Flattened rice with vegetables.
Sabudana Khichdi,Marathi,breakfast,1 plate,200,5.0,50.0,16.0,380.0,2.5,25.0,8.0,190.0,IFCT 2017 + USDA FoodData Central + standard recipe estimate,Standard recipe estimate cross-checked against ingredient tables,cross-validated,Sago khichdi.
Adai,South Indian,breakfast,1 piece,70,5.0,19.0,4.0,132.0,7.14,27.14,5.71,188.57,Indian Food Composition Tables (IFCT 2017),Standard recipe estimate cross-checked against ingredient tables,estimated,Mixed lentil crepe.
Appam,South Indian,breakfast,1 piece,60,2.1,14.4,1.2,78.0,3.5,24.0,2.0,130.0,IFCT 2017 + USDA FoodData Central + standard recipe estimate,Standard recipe estimate cross-checked against ingredient tables,cross-validated,Plain appam.
Appam with Vegetable Stew,South Indian,breakfast,1 serving,220,5.0,28.0,7.0,195.0,2.27,12.73,3.18,88.64,Indian Food Composition Tables (IFCT 2017),Standard recipe estimate cross-checked against ingredient tables,estimated,Appam paired with mild vegetable stew.
Dosa,South Indian,breakfast,1 piece,35,2.0,12.98,1.4,73.0,5.7,37.1,4.0,208.6,IFCT 2017 + USDA FoodData Central + standard recipe estimate,Standard recipe estimate cross-checked against ingredient tables,cross-validated,"Plain dosa, generic home-style."
Idiyappam,South Indian,breakfast,2 nests,100,3.0,25.0,1.0,121.0,3.0,25.0,1.0,121.0,Indian Food Composition Tables (IFCT 2017),Standard recipe estimate cross-checked against ingredient tables,estimated,String hoppers / rice noodles.
Idli,South Indian,breakfast,1 piece,39,1.99,12.01,0.2,58.0,5.1,30.8,0.5,148.7,IFCT 2017 + USDA FoodData Central + standard recipe estimate,Standard recipe estimate cross-checked against ingredient tables,cross-validated,"Steamed idli, plain."
Masala Dosa,South Indian,breakfast,1 piece,180,8.64,52.2,15.84,432.0,4.8,29.0,8.8,240.0,IFCT 2017 + USDA FoodData Central + standard recipe estimate,Standard recipe estimate cross-checked against ingredient tables,cross-validated,Includes potato filling and moderate oil.
Neer Dosa,South Indian,breakfast,1 piece,25,0.75,5.25,0.5,27.5,3.0,21.0,2.0,110.0,IFCT 2017 + USDA FoodData Central + standard recipe estimate,Standard recipe estimate cross-checked against ingredient tables,cross-validated,Thin rice crepe.
Pongal,South Indian,breakfast,1 plate,200,8.6,36.0,12.0,300.0,4.3,18.0,6.0,150.0,IFCT 2017 + USDA FoodData Central + standard recipe estimate,Standard recipe estimate cross-checked against ingredient tables,cross-validated,Ven pongal style.
Puttu,South Indian,breakfast,1 serving,100,4.0,30.0,4.0,170.0,4.0,30.0,4.0,170.0,IFCT 2017 + USDA FoodData Central + standard recipe estimate,Standard recipe estimate cross-checked against ingredient tables,cross-validated,Rice flour puttu.
Rava Dosa,South Indian,breakfast,1 piece,70,4.0,22.0,6.0,158.0,5.71,31.43,8.57,225.71,Indian Food Composition Tables (IFCT 2017),Standard recipe estimate cross-checked against ingredient tables,estimated,Thin semolina dosa with oil.
Upma,South Indian,breakfast,1 plate,200,7.0,40.0,16.0,320.0,3.5,20.0,8.0,160.0,IFCT 2017 + USDA FoodData Central + standard recipe estimate,Standard recipe estimate cross-checked against ingredient tables,cross-validated,Semolina upma with vegetables.
Uttapam,South Indian,breakfast,1 piece,120,5.4,38.4,7.2,246.0,4.5,32.0,6.0,205.0,IFCT 2017 + USDA FoodData Central + standard recipe estimate,Standard recipe estimate cross-checked against ingredient tables,cross-validated,Plain vegetable uttapam.
Ven Pongal,South Indian,breakfast,1 plate,250,7.0,35.0,11.0,267.0,2.8,14.0,4.4,106.8,Indian Food Composition Tables (IFCT 2017),Standard recipe estimate cross-checked against ingredient tables,estimated,Rice and moong dal pongal with ghee.
Oatmeal,Western,breakfast,1 bowl,40,6.76,26.52,2.76,155.6,16.9,66.3,6.9,389.0,USDA FoodData Central + FAO/INFOODS/CoFID,USDA FoodData Central + FAO/INFOODS/CoFID,cross-validated,Dry rolled oats basis.
Porridge,Western,breakfast,1 bowl,200,5.0,24.0,5.0,144.0,2.5,12.0,2.5,72.0,USDA FoodData Central + FAO/INFOODS/CoFID,USDA FoodData Central + FAO/INFOODS/CoFID,cross-validated,Cooked oat porridge.
Falafel,Arabian,snack,1 piece,30,2.5,5.0,2.5,60.0,8.33,16.67,8.33,200.0,Standard recipe estimate,USDA FoodData Central comparable chickpea snack,recipe-estimate,Single falafel ball.
Chicken Dumplings,Chinese,snack,4 pieces,120,10.0,18.0,5.0,160.0,8.33,15.0,4.17,133.33,Standard recipe estimate,USDA FoodData Central dumpling reference,recipe-estimate,Steamed chicken dumplings.
Spring Roll,Chinese,snack,1 piece,80,3.0,10.0,6.0,110.0,3.75,12.5,7.5,137.5,USDA FoodData Central,USDA FoodData Central snack reference,cross-validated,Deep-fried spring roll.
Veg Dumplings,Chinese,snack,4 pieces,120,6.0,20.0,4.0,150.0,5.0,16.67,3.33,125.0,Standard recipe estimate,USDA FoodData Central dumpling reference,recipe-estimate,Steamed vegetable dumplings.
Chocolate Bar,Dessert,snack,1 bar,50,3.9,29.5,15.0,273.0,7.8,59.0,30.0,546.0,USDA FoodData Central + recipe estimates,USDA FoodData Central + recipe estimates,estimated,Milk chocolate bar.
Cookies,Dessert,snack,2 cookies,30,1.8,21.0,6.0,144.0,6.0,70.0,20.0,480.0,USDA FoodData Central + recipe estimates,USDA FoodData Central + recipe estimates,estimated,Generic sweet cookies.
Chicken Burger (Cheese),Fast Food,snack,1 piece,250,50.0,85.0,42.5,1050.0,20.0,34.0,17.0,420.0,USDA FoodData Central + fast-food averages,Cross-checked against common fast-food and bakery averages,estimated,"Chicken cheeseburger, average."
Chicken Nuggets,Fast Food,snack,6 pieces,100,14.0,15.0,18.0,275.0,14.0,15.0,18.0,275.0,USDA FoodData Central + recipe estimates,USDA FoodData Central + recipe estimates,estimated,Breaded nuggets.
French Fries,Fast Food,snack,1 serving,150,5.1,61.5,22.5,468.0,3.4,41.0,15.0,312.0,USDA FoodData Central + recipe estimates,USDA FoodData Central + recipe estimates,estimated,Deep-fried fries.
Potato Chips,Fast Food,snack,1 packet,30,2.1,15.9,10.5,160.8,7.0,53.0,35.0,536.0,USDA FoodData Central + recipe estimates,USDA FoodData Central + recipe estimates,estimated,Plain salted chips.
Veg Burger (Cheese),Fast Food,snack,1 piece,220,26.4,70.4,30.8,704.0,12.0,32.0,14.0,320.0,USDA FoodData Central + fast-food averages,Cross-checked against common fast-food and bakery averages,estimated,"Vegetable cheeseburger, average."
Bhajiya,Gujarati,snack,1 bowl,120,5.0,22.0,12.0,220.0,4.17,18.33,10.0,183.33,Standard recipe estimate,IFCT 2017 + USDA FoodData Central comparable fritter items,recipe-estimate,Gram flour vegetable fritters.
Dabeli,Gujarati,snack,1 piece,180,6.0,35.0,12.0,272.0,3.33,19.44,6.67,151.11,Indian Food Composition Tables (IFCT 2017),Standard recipe estimate cross-checked against ingredient tables,estimated,Spiced potato bun snack.
Dhokla,Gujarati,snack,1 piece,35,2.1,9.45,1.75,59.5,6.0,27.0,5.0,170.0,IFCT 2017 + USDA FoodData Central + standard recipe estimate,Standard recipe estimate cross-checked against ingredient tables,cross-validated,Steamed khaman/dhokla style.
Dhokla Sandwich,Gujarati,snack,2 pieces,70,5.0,16.0,2.0,102.0,7.14,22.86,2.86,145.71,Indian Food Composition Tables (IFCT 2017),Standard recipe estimate cross-checked against ingredient tables,estimated,Dhokla layered with chutney and filling.
Fafda,Gujarati,snack,1 serving,50,3.5,15.0,9.0,150.0,7.0,30.0,18.0,300.0,IFCT 2017 + USDA FoodData Central + standard recipe estimate,Standard recipe estimate cross-checked against ingredient tables,cross-validated,Fried gram flour snack.
Khaman,Gujarati,snack,1 piece,40,3.0,10.0,1.0,61.0,7.5,25.0,2.5,152.5,Indian Food Composition Tables (IFCT 2017),Standard recipe estimate cross-checked against ingredient tables,estimated,Steamed gram-flour snack.
Khandvi,Gujarati,snack,1 serving,100,5.0,15.0,6.0,140.0,5.0,15.0,6.0,140.0,IFCT 2017 + USDA FoodData Central + standard recipe estimate,Standard recipe estimate cross-checked against ingredient tables,cross-validated,Besan rolls with coconut.
Khichu,Gujarati,snack,1 bowl,100,2.5,18.0,1.0,90.0,2.5,18.0,1.0,90.0,IFCT 2017 + USDA FoodData Central + standard recipe estimate,Standard recipe estimate cross-checked against ingredient tables,cross-validated,Steamed rice-flour snack.
Patra,Gujarati,snack,1 roll,50,2.0,12.0,3.0,83.0,4.0,24.0,6.0,166.0,Indian Food Composition Tables (IFCT 2017),Standard recipe estimate cross-checked against ingredient tables,estimated,Arbi leaves rolled snack.
Aloo Bhujia,Indian,snack,1 bowl,30,2.0,18.0,10.0,170.0,6.67,60.0,33.33,566.67,IFCT 2017 + USDA FoodData Central,IFCT 2017 + USDA FoodData Central snack reference,cross-validated,Potato sev snack.
Bhujia,Indian,snack,1 handful,30,2.4,16.5,9.0,153.0,8.0,55.0,30.0,510.0,IFCT 2017 + USDA FoodData Central + recipe estimate,Cross-checked against composition tables; recipe-dependent,estimated,Generic sev/bhujia-style fried snack.
Chivda,Indian,snack,1 cup,30,1.2,16.5,5.4,102.0,4.0,55.0,18.0,340.0,IFCT 2017 + USDA FoodData Central + recipe estimate,Cross-checked against composition tables; recipe-dependent,estimated,"Mixed flattened rice snack, average."
Corn Chaat,Indian,snack,1 bowl,150,4.0,30.0,4.0,170.0,2.67,20.0,2.67,113.33,Standard recipe estimate,IFCT 2017 + USDA FoodData Central comparable snack bowls,recipe-estimate,Boiled corn with spices and lemon.
Egg Roll (Street),Indian,snack,1 roll,150,21.0,42.0,21.0,480.0,14.0,28.0,14.0,320.0,USDA FoodData Central + fast-food averages,Cross-checked against common fast-food and bakery averages,estimated,Street-style egg roll.
Mixture,Indian,snack,1 bowl,35,4.0,20.0,11.0,190.0,11.43,57.14,31.43,542.86,Standard recipe estimate,IFCT 2017 + USDA FoodData Central snack reference,recipe-estimate,Mixed savory snack mix.
Sev,Indian,snack,1 bowl,30,3.0,17.0,9.0,160.0,10.0,56.67,30.0,533.33,IFCT 2017 + USDA FoodData Central,IFCT 2017 + USDA FoodData Central snack reference,cross-validated,Gram flour sev.
Gobi Manchurian,Indo-Chinese,snack,1 plate,200,5.0,24.0,14.0,220.0,2.5,12.0,7.0,110.0,Standard recipe estimate,USDA FoodData Central vegetable fritter reference,recipe-estimate,Fried cauliflower in sauce.
Manchurian Dry,Indo-Chinese,snack,1 plate,200,7.0,20.0,12.0,200.0,3.5,10.0,6.0,100.0,Standard recipe estimate,USDA FoodData Central fritter reference,recipe-estimate,Dry vegetable/chicken manchurian.
Bruschetta,Italian,snack,2 pieces,80,4.8,16.0,8.0,144.0,6.0,20.0,10.0,180.0,USDA FoodData Central + FAO/INFOODS/CoFID,USDA FoodData Central + FAO/INFOODS/CoFID,cross-validated,Tomato bruschetta.
Garlic Bread,Italian,snack,2 slices,60,5.4,22.8,7.2,192.0,9.0,38.0,12.0,320.0,USDA FoodData Central + FAO/INFOODS/CoFID,USDA FoodData Central + FAO/INFOODS/CoFID,cross-validated,Bread with garlic butter.
Edamame,Japanese,snack,1 cup,155,17.0,14.0,8.0,190.0,10.97,9.03,5.16,122.58,USDA FoodData Central,USDA FoodData Central legume reference,cross-validated,Steamed soybeans.
Onigiri,Japanese,snack,1 piece,120,4.0,32.0,1.0,150.0,3.33,26.67,0.83,125.0,USDA FoodData Central,USDA FoodData Central rice snack reference,cross-validated,Rice ball.
Sushi Piece (Average),Japanese,snack,1 piece,30,1.6,5.0,0.8,35.0,5.33,16.67,2.67,116.67,Standard recipe estimate,USDA FoodData Central comparable sushi reference,recipe-estimate,Average sushi piece.
Tempura,Japanese,snack,1 serving,150,6.0,16.0,12.0,200.0,4.0,10.67,8.0,133.33,Standard recipe estimate,USDA FoodData Central fried snack reference,recipe-estimate,Mixed tempura.
Tteokbokki,Korean,snack,1 bowl,250,4.0,50.0,5.0,280.0,1.6,20.0,2.0,112.0,Standard recipe estimate,USDA FoodData Central snack reference,recipe-estimate,Rice cake in spicy sauce.
Bhakarwadi,Maharashtrian,snack,2 pieces,40,2.8,19.2,6.0,120.0,7.0,48.0,15.0,300.0,IFCT 2017 + USDA FoodData Central + recipe estimate,Cross-checked against composition tables; recipe-dependent,estimated,"Spiced rolled snack, average."
Kothimbir Vadi,Marathi,snack,2 pieces,80,4.0,14.0,6.0,126.0,5.0,17.5,7.5,157.5,Indian Food Composition Tables (IFCT 2017),Standard recipe estimate cross-checked against ingredient tables,estimated,Coriander gram-flour snack.
Vada Pav,Marathi,snack,1 piece,150,8.25,42.0,21.0,390.0,5.5,28.0,14.0,260.0,IFCT 2017 + USDA FoodData Central + standard recipe estimate,Standard recipe estimate cross-checked against ingredient tables,cross-validated,Potato fritter in pav.
Shawarma (Chicken),Middle Eastern,snack,1 roll,250,40.0,112.5,50.0,1075.0,16.0,45.0,20.0,430.0,IFCT 2017 + USDA FoodData Central + recipe estimate,Cross-checked against composition tables; recipe-dependent,estimated,"Chicken shawarma wrap, average street-style."
Shawarma (Paneer),Middle Eastern,snack,1 roll,250,35.0,105.0,55.0,1075.0,14.0,42.0,22.0,430.0,IFCT 2017 + USDA FoodData Central + recipe estimate,Cross-checked against composition tables; recipe-dependent,estimated,"Paneer shawarma wrap, average."
Shawarma (Veg),Middle Eastern,snack,1 roll,250,22.5,120.0,45.0,900.0,9.0,48.0,18.0,360.0,IFCT 2017 + USDA FoodData Central + recipe estimate,Cross-checked against composition tables; recipe-dependent,estimated,"Vegetable shawarma wrap, average."
Chicken Momos,North Eastern,snack,4 pieces,140,9.8,39.2,9.8,266.0,7.0,28.0,7.0,190.0,IFCT 2017 + USDA FoodData Central + standard recipe estimate,Standard recipe estimate cross-checked against ingredient tables,cross-validated,Steamed chicken dumplings.
Chicken Momos (6 pcs),North Eastern,snack,6 pieces,180,16.0,28.0,7.0,239.0,8.89,15.56,3.89,132.78,Indian Food Composition Tables (IFCT 2017),Standard recipe estimate cross-checked against ingredient tables,estimated,Steamed chicken dumplings.
"Momos (Chicken, Fried)",North Eastern,snack,4 pieces,110,11.0,28.6,9.9,253.0,10.0,26.0,9.0,230.0,IFCT 2017 + USDA FoodData Central + recipe estimate,Cross-checked against composition tables; recipe-dependent,estimated,Fried chicken momos.
"Momos (Chicken, Steamed)",North Eastern,snack,4 pieces,100,9.0,24.0,4.0,170.0,9.0,24.0,4.0,170.0,IFCT 2017 + USDA FoodData Central + recipe estimate,Cross-checked against composition tables; recipe-dependent,estimated,Steamed chicken momos.
"Momos (Chicken, Tandoori)",North Eastern,snack,4 pieces,110,11.0,27.5,7.7,231.0,10.0,25.0,7.0,210.0,IFCT 2017 + USDA FoodData Central + recipe estimate,Cross-checked against composition tables; recipe-dependent,estimated,Tandoori chicken momos.
"Momos (Paneer, Fried)",North Eastern,snack,4 pieces,110,8.8,30.8,11.0,264.0,8.0,28.0,10.0,240.0,IFCT 2017 + USDA FoodData Central + recipe estimate,Cross-checked against composition tables; recipe-dependent,estimated,Fried paneer momos.
"Momos (Paneer, Steamed)",North Eastern,snack,4 pieces,100,8.0,25.0,5.0,180.0,8.0,25.0,5.0,180.0,IFCT 2017 + USDA FoodData Central + recipe estimate,Cross-checked against composition tables; recipe-dependent,estimated,Steamed paneer momos.
"Momos (Paneer, Tandoori)",North Eastern,snack,4 pieces,110,9.9,28.6,8.8,242.0,9.0,26.0,8.0,220.0,IFCT 2017 + USDA FoodData Central + recipe estimate,Cross-checked against composition tables; recipe-dependent,estimated,Tandoori paneer momos.
"Momos (Veg, Fried)",North Eastern,snack,4 pieces,110,6.6,33.0,8.8,231.0,6.0,30.0,8.0,210.0,IFCT 2017 + USDA FoodData Central + recipe estimate,Cross-checked against composition tables; recipe-dependent,estimated,Fried vegetable momos.
"Momos (Veg, Steamed)",North Eastern,snack,4 pieces,100,6.0,27.0,2.0,150.0,6.0,27.0,2.0,150.0,IFCT 2017 + USDA FoodData Central + recipe estimate,Cross-checked against composition tables; recipe-dependent,estimated,Steamed vegetable momos.
"Momos (Veg, Tandoori)",North Eastern,snack,4 pieces,110,7.7,30.8,5.5,209.0,7.0,28.0,5.0,190.0,IFCT 2017 + USDA FoodData Central + recipe estimate,Cross-checked against composition tables; recipe-dependent,estimated,Tandoori vegetable momos.
Veg Momos,North Eastern,snack,4 pieces,120,6.0,33.6,6.0,204.0,5.0,28.0,5.0,170.0,IFCT 2017 + USDA FoodData Central + standard recipe estimate,Standard recipe estimate cross-checked against ingredient tables,cross-validated,Steamed vegetable dumplings.
Veg Momos (6 pcs),North Eastern,snack,6 pieces,180,8.0,30.0,5.0,197.0,4.44,16.67,2.78,109.44,Indian Food Composition Tables (IFCT 2017),Standard recipe estimate cross-checked against ingredient tables,estimated,Steamed vegetable dumplings.
Aloo Tikki,North Indian,snack,1 piece,70,2.8,17.5,5.6,126.0,4.0,25.0,8.0,180.0,IFCT 2017 + USDA FoodData Central + recipe estimate,Cross-checked against composition tables; recipe-dependent,estimated,Shallow-fried potato patty.
Chicken Momos Fried,North Indian,snack,6 pieces,180,16.0,30.0,12.0,290.0,8.89,16.67,6.67,161.11,Standard recipe estimate,USDA FoodData Central dumpling reference,recipe-estimate,Fried chicken momos.
Chicken Momos Steamed,North Indian,snack,6 pieces,180,16.0,28.0,5.0,210.0,8.89,15.56,2.78,116.67,Standard recipe estimate,USDA FoodData Central dumpling reference,recipe-estimate,Steamed chicken momos.
Chicken Momos Tandoori,North Indian,snack,6 pieces,180,17.0,26.0,9.0,250.0,9.44,14.44,5.0,138.89,Standard recipe estimate,USDA FoodData Central dumpling reference,recipe-estimate,Tandoori chicken momos.
Chicken Tikka,North Indian,snack,100 g,100,26.0,4.0,8.0,192.0,26.0,4.0,8.0,192.0,Indian Food Composition Tables (IFCT 2017),Standard recipe estimate cross-checked against ingredient tables,estimated,Roasted marinated chicken pieces.
Kachori,North Indian,snack,1 piece,80,4.0,24.0,12.8,232.0,5.0,30.0,16.0,290.0,IFCT 2017 + USDA FoodData Central + standard recipe estimate,Standard recipe estimate cross-checked against ingredient tables,cross-validated,Fried stuffed kachori.
Mathri,North Indian,snack,1 piece,20,2.0,12.0,5.0,90.0,10.0,60.0,25.0,450.0,Standard recipe estimate,IFCT 2017 + USDA FoodData Central snack reference,recipe-estimate,Savory fried biscuit.
Pakora,North Indian,snack,1 bowl,120,5.0,22.0,12.0,220.0,4.17,18.33,10.0,183.33,Standard recipe estimate,IFCT 2017 + USDA FoodData Central comparable fritter items,recipe-estimate,Mixed vegetable fritters.
Paneer Momos Fried,North Indian,snack,6 pieces,180,14.0,30.0,14.0,320.0,7.78,16.67,7.78,177.78,Standard recipe estimate,USDA FoodData Central dumpling reference,recipe-estimate,Fried paneer momos.
Paneer Momos Steamed,North Indian,snack,6 pieces,180,14.0,28.0,8.0,240.0,7.78,15.56,4.44,133.33,Standard recipe estimate,USDA FoodData Central dumpling reference,recipe-estimate,Steamed paneer momos.
Paneer Momos Tandoori,North Indian,snack,6 pieces,180,15.0,26.0,11.0,280.0,8.33,14.44,6.11,155.56,Standard recipe estimate,USDA FoodData Central dumpling reference,recipe-estimate,Tandoori paneer momos.
Samosa,North Indian,snack,1 piece,75,4.5,21.0,13.5,225.0,6.0,28.0,18.0,300.0,IFCT 2017 + USDA FoodData Central + standard recipe estimate,Standard recipe estimate cross-checked against ingredient tables,cross-validated,Potato-pea fried snack.
Seekh Kebab,North Indian,snack,1 skewer,80,15.0,3.0,10.0,162.0,18.75,3.75,12.5,202.5,Indian Food Composition Tables (IFCT 2017),Standard recipe estimate cross-checked against ingredient tables,estimated,Spiced minced meat kebab.
Veg Momos Fried,North Indian,snack,6 pieces,180,8.0,32.0,10.0,260.0,4.44,17.78,5.56,144.44,Standard recipe estimate,USDA FoodData Central dumpling reference,recipe-estimate,Fried vegetable momos.
Veg Momos Steamed,North Indian,snack,6 pieces,180,8.0,30.0,4.0,190.0,4.44,16.67,2.22,105.56,Standard recipe estimate,USDA FoodData Central dumpling reference,recipe-estimate,Steamed vegetable momos.
Veg Momos Tandoori,North Indian,snack,6 pieces,180,9.0,28.0,7.0,220.0,5.0,15.56,3.89,122.22,Standard recipe estimate,USDA FoodData Central dumpling reference,recipe-estimate,Tandoori vegetable momos.
Butter Popcorn,Snack,snack,1 bowl,30,3.0,20.0,8.0,150.0,10.0,66.67,26.67,500.0,Standard recipe estimate,USDA FoodData Central snack reference,recipe-estimate,Butter-coated popcorn.
Caramel Popcorn,Snack,snack,1 bowl,35,2.0,28.0,6.0,180.0,5.71,80.0,17.14,514.29,Standard recipe estimate,USDA FoodData Central snack reference,recipe-estimate,Sweet caramel popcorn.
Cheese Popcorn,Snack,snack,1 bowl,35,4.0,25.0,9.0,180.0,11.43,71.43,25.71,514.29,Standard recipe estimate,USDA FoodData Central snack reference,recipe-estimate,Cheese-flavored popcorn.
Popcorn (Air-Popped),Snack,snack,1 bowl,25,0.75,4.5,0.25,23.75,3.0,18.0,1.0,95.0,USDA FoodData Central + fast-food averages,Cross-checked against common fast-food and bakery averages,estimated,Air-popped popcorn bowl.
Popcorn (Butter),Snack,snack,1 bowl,30,0.9,6.0,1.8,48.0,3.0,20.0,6.0,160.0,USDA FoodData Central + fast-food averages,Cross-checked against common fast-food and bakery averages,estimated,Buttered popcorn bowl.
Popcorn Air-Popped,Snack,snack,1 bowl,20,2.0,15.0,1.0,80.0,10.0,75.0,5.0,400.0,USDA FoodData Central,USDA FoodData Central snack reference,cross-validated,Plain air-popped popcorn.
Banana Chips,South Indian,snack,1 bowl,30,1.0,18.0,9.0,160.0,3.33,60.0,30.0,533.33,Standard recipe estimate,IFCT 2017 + USDA FoodData Central snack reference,recipe-estimate,Fried banana chips.
Curd Vada,South Indian,snack,2 pieces,120,7.0,16.0,8.0,164.0,5.83,13.33,6.67,136.67,Indian Food Composition Tables (IFCT 2017),Standard recipe estimate cross-checked against ingredient tables,estimated,Medu vada soaked in curd.
Masala Vada,South Indian,snack,1 piece,45,4.0,11.0,7.0,123.0,8.89,24.44,15.56,273.33,Indian Food Composition Tables (IFCT 2017),Standard recipe estimate cross-checked against ingredient tables,estimated,Fried chana dal vada.
Medu Vada,South Indian,snack,1 piece,50,3.0,13.0,7.5,140.0,6.0,26.0,15.0,280.0,IFCT 2017 + USDA FoodData Central + standard recipe estimate,Standard recipe estimate cross-checked against ingredient tables,cross-validated,Fried lentil vada.
Mirchi Bajji,South Indian,snack,1 piece,60,3.0,14.0,7.0,130.0,5.0,23.33,11.67,216.67,Standard recipe estimate,IFCT 2017 + USDA FoodData Central comparable fritter items,recipe-estimate,"Chilli fritter, deep fried."
Murukku,South Indian,snack,1 piece,25,1.0,15.0,6.0,110.0,4.0,60.0,24.0,440.0,Standard recipe estimate,IFCT 2017 + USDA FoodData Central snack reference,recipe-estimate,Crispy rice-flour snack.
Paniyaram,South Indian,snack,3 pieces,90,4.0,15.0,4.0,112.0,4.44,16.67,4.44,124.44,Indian Food Composition Tables (IFCT 2017),Standard recipe estimate cross-checked against ingredient tables,estimated,Pan-fried rice batter balls.
Croquetas,Spanish,snack,4 pieces,100,7.0,20.0,15.0,240.0,7.0,20.0,15.0,240.0,USDA FoodData Central + FAO/INFOODS/CoFID,USDA FoodData Central + FAO/INFOODS/CoFID,cross-validated,Creamy fried croquettes.
Pan con Tomate,Spanish,snack,1 serving,80,3.2,20.8,5.6,144.0,4.0,26.0,7.0,180.0,USDA FoodData Central + FAO/INFOODS/CoFID,USDA FoodData Central + FAO/INFOODS/CoFID,cross-validated,Bread with tomato and oil.
Bhel Puri,Street Food,snack,1 bowl,150,4.0,28.0,8.0,200.0,2.67,18.67,5.33,133.33,Indian Food Composition Tables (IFCT 2017),Standard recipe estimate cross-checked against ingredient tables,estimated,Puffed rice snack mix.
Dahi Puri,Street Food,snack,6 pieces,150,4.0,25.0,10.0,206.0,2.67,16.67,6.67,137.33,Indian Food Composition Tables (IFCT 2017),Standard recipe estimate cross-checked against ingredient tables,estimated,Pani puri with curd.
Egg Roll,Street Food,snack,1 roll,180,14.0,28.0,14.0,290.0,7.78,15.56,7.78,161.11,Standard recipe estimate,IFCT 2017 + USDA FoodData Central wrap reference,recipe-estimate,Egg and paratha roll.
Pani Puri,Street Food,snack,6 pieces,120,3.0,30.0,8.0,204.0,2.5,25.0,6.67,170.0,Indian Food Composition Tables (IFCT 2017),Standard recipe estimate cross-checked against ingredient tables,estimated,Golgappa/puchka snack.
Sev Puri,Street Food,snack,1 plate,120,3.0,25.0,10.0,202.0,2.5,20.83,8.33,168.33,Indian Food Composition Tables (IFCT 2017),Standard recipe estimate cross-checked against ingredient tables,estimated,Chaat with sev and chutneys.
Hummus,Vegan,snack,2 tbsp,30,2.0,4.0,5.0,70.0,6.67,13.33,16.67,233.33,USDA FoodData Central,USDA FoodData Central snack reference,cross-validated,Chickpea dip.
Bobotie,African,meal,1 serving,250,18.0,20.0,18.0,320.0,7.2,8.0,7.2,128.0,Standard recipe estimate,FAO/INFOODS + comparable casserole reference,recipe-estimate,South African baked meat dish.
Bunny Chow,African,meal,1 serving,300,12.0,55.0,16.0,430.0,4.0,18.33,5.33,143.33,Standard recipe estimate,FAO/INFOODS + comparable curry-bread reference,recipe-estimate,Curry served in bread bowl.
Jollof Rice,African,meal,1 plate,250,7.0,45.0,8.0,300.0,2.8,18.0,3.2,120.0,Standard recipe estimate,FAO/INFOODS + comparable rice dish reference,recipe-estimate,West African tomato rice.
Arabic Chicken Platter,Arabian,meal,1 plate,350,28.0,45.0,18.0,500.0,8.0,12.86,5.14,142.86,Standard recipe estimate,USDA FoodData Central grilled chicken reference,recipe-estimate,Chicken with rice and sides.
Chicken Shawarma,Arabian,meal,1 wrap,250,24.0,30.0,12.0,330.0,9.6,12.0,4.8,132.0,Standard recipe estimate based on common shawarma wrap proportions,USDA FoodData Central comparable wrap items,recipe-estimate,Chicken wrap with garlic sauce and vegetables.
Falafel Wrap,Arabian,meal,1 wrap,250,12.0,40.0,14.0,350.0,4.8,16.0,5.6,140.0,Standard recipe estimate,USDA FoodData Central comparable wrap items,recipe-estimate,Wrap with falafel and sauces.
Hummus Pita,Arabian,meal,1 wrap,220,10.0,35.0,10.0,300.0,4.55,15.91,4.55,136.36,Standard recipe estimate,USDA FoodData Central dip and bread reference,recipe-estimate,Pita with hummus.
Paneer Shawarma,Arabian,meal,1 wrap,240,16.0,32.0,14.0,340.0,6.67,13.33,5.83,141.67,Standard recipe estimate based on common shawarma wrap proportions,IFCT 2017 + USDA FoodData Central comparable wrap items,recipe-estimate,Paneer wrap with sauce and vegetables.
Veg Shawarma,Arabian,meal,1 wrap,220,10.0,34.0,10.0,260.0,4.55,15.45,4.55,118.18,Standard recipe estimate based on common shawarma wrap proportions,USDA FoodData Central comparable wrap items,recipe-estimate,Vegetable wrap with tahini/garlic sauce.
Aloo Posto,Bengali,meal,1 bowl,150,3.0,14.0,8.0,140.0,2.0,9.33,5.33,93.33,Indian Food Composition Tables (IFCT 2017),Standard recipe estimate cross-checked against ingredient tables,estimated,Potato with poppy seed paste.
Bengali Khichuri,Bengali,meal,1 plate,250,8.0,40.0,10.0,282.0,3.2,16.0,4.0,112.8,Indian Food Composition Tables (IFCT 2017),Standard recipe estimate cross-checked against ingredient tables,estimated,Moong dal and rice khichdi.
Shorshe Ilish,Bengali,meal,1 piece,180,24.0,4.0,18.0,274.0,13.33,2.22,10.0,152.22,Indian Food Composition Tables (IFCT 2017),Standard recipe estimate cross-checked against ingredient tables,estimated,Hilsa fish in mustard gravy.
Chicken Chow Mein,Chinese,meal,1 plate,250,17.0,44.0,10.0,350.0,6.8,17.6,4.0,140.0,Standard recipe estimate,USDA FoodData Central noodle reference,recipe-estimate,Chicken stir-fried noodles.
Chow Mein,Chinese,meal,1 plate,250,22.5,130.0,35.0,900.0,9.0,52.0,14.0,360.0,USDA FoodData Central + recipe estimate,Cross-checked against standard dish composition; fillings vary,estimated,Average chow mein.
Kung Pao Chicken,Chinese,meal,1 bowl,220,20.0,15.0,18.0,300.0,9.09,6.82,8.18,136.36,Standard recipe estimate,USDA FoodData Central stir-fry reference,recipe-estimate,Spicy chicken with peanuts.
Veg Chow Mein,Chinese,meal,1 plate,250,7.0,44.0,9.0,300.0,2.8,17.6,3.6,120.0,Standard recipe estimate,USDA FoodData Central noodle reference,recipe-estimate,Stir-fried vegetable noodles.
Vegetable Fried Rice,Chinese,meal,1 plate,250,16.25,130.0,27.5,800.0,6.5,52.0,11.0,320.0,USDA FoodData Central + recipe estimate,Cross-checked against standard dish composition; fillings vary,estimated,Average veg fried rice.
Burger,Fast Food,meal,1 burger,180,21.6,45.0,21.6,468.0,12.0,25.0,12.0,260.0,USDA FoodData Central + recipe estimates,USDA FoodData Central + recipe estimates,estimated,Generic burger.
Cheese Burger,Fast Food,meal,1 piece,190,15.0,31.0,18.0,380.0,7.89,16.32,9.47,200.0,USDA FoodData Central,USDA FoodData Central burger reference,cross-validated,Cheeseburger.
Chicken Burger,Fast Food,meal,1 piece,180,18.0,30.0,14.0,340.0,10.0,16.67,7.78,188.89,USDA FoodData Central,USDA FoodData Central burger reference,cross-validated,Chicken burger.
Fried Chicken,Fast Food,meal,1 piece,120,25.2,13.2,16.8,336.0,21.0,11.0,14.0,280.0,USDA FoodData Central + recipe estimates,USDA FoodData Central + recipe estimates,estimated,Breaded fried chicken.
Hot Dog,Fast Food,meal,1 hot dog,120,12.0,21.6,16.8,300.0,10.0,18.0,14.0,250.0,USDA FoodData Central + recipe estimates,USDA FoodData Central + recipe estimates,estimated,Hot dog with bun.
Paneer Burger,Fast Food,meal,1 piece,180,14.0,28.0,16.0,330.0,7.78,15.56,8.89,183.33,Standard recipe estimate,USDA FoodData Central burger reference,recipe-estimate,Paneer burger.
Veg Burger,Fast Food,meal,1 piece,150,8.0,28.0,10.0,250.0,5.33,18.67,6.67,166.67,USDA FoodData Central,USDA FoodData Central burger reference,cross-validated,Vegetable burger.
Dal Dhokli,Gujarati,meal,1 bowl,250,15.0,50.0,15.0,375.0,6.0,20.0,6.0,150.0,IFCT 2017 + USDA FoodData Central + standard recipe estimate,Standard recipe estimate cross-checked against ingredient tables,cross-validated,Wheat dumplings in dal.
Handvo,Gujarati,meal,1 piece,100,6.0,25.0,11.0,215.0,6.0,25.0,11.0,215.0,IFCT 2017 + USDA FoodData Central + standard recipe estimate,Standard recipe estimate cross-checked against ingredient tables,cross-validated,Savory lentil-rice cake.
Sev Tameta,Gujarati,meal,1 bowl,150,4.5,18.0,15.0,225.0,3.0,12.0,10.0,150.0,IFCT 2017 + USDA FoodData Central + standard recipe estimate,Standard recipe estimate cross-checked against ingredient tables,cross-validated,Tomato gravy with sev.
Sev Usal,Gujarati,meal,1 bowl,200,8.0,35.0,14.0,298.0,4.0,17.5,7.0,149.0,Indian Food Composition Tables (IFCT 2017),Standard recipe estimate cross-checked against ingredient tables,estimated,Usal topped with sev.
Thepla with Curd,Gujarati,meal,1 serving,160,8.0,28.0,8.0,216.0,5.0,17.5,5.0,135.0,Indian Food Composition Tables (IFCT 2017),Standard recipe estimate cross-checked against ingredient tables,estimated,Thepla served with curd.
Undhiyu,Gujarati,meal,1 bowl,250,7.5,35.0,20.0,325.0,3.0,14.0,8.0,130.0,IFCT 2017 + USDA FoodData Central + standard recipe estimate,Standard recipe estimate cross-checked against ingredient tables,cross-validated,Mixed vegetable curry.
Egg Curry,Indian,meal,1 bowl,250,15.0,8.0,18.0,250.0,6.0,3.2,7.2,100.0,Standard recipe estimate,IFCT 2017 + USDA FoodData Central curry reference,recipe-estimate,Eggs in spiced gravy.
Chicken Fried Rice,Indo-Chinese,meal,1 plate,250,18.0,45.0,10.0,350.0,7.2,18.0,4.0,140.0,Standard recipe estimate,USDA FoodData Central fried rice reference,recipe-estimate,Chicken fried rice.
Chicken Manchurian,Indo-Chinese,meal,1 cup,200,34.0,36.0,30.0,560.0,17.0,18.0,15.0,280.0,USDA FoodData Central + recipe estimate,Cross-checked against standard dish composition; fillings vary,estimated,Chicken manchurian.
Chilli Chicken,Indo-Chinese,meal,1 plate,220,18.0,18.0,16.0,300.0,8.18,8.18,7.27,136.36,Standard recipe estimate,USDA FoodData Central chicken stir-fry reference,recipe-estimate,Spicy chicken stir fry.
Chilli Paneer,Indo-Chinese,meal,1 cup,200,28.0,36.0,36.0,560.0,14.0,18.0,18.0,280.0,USDA FoodData Central + recipe estimate,Cross-checked against standard dish composition; fillings vary,estimated,"Chilli paneer, average."
Hakka Noodles,Indo-Chinese,meal,1 plate,250,8.0,45.0,10.0,320.0,3.2,18.0,4.0,128.0,Standard recipe estimate,USDA FoodData Central noodle reference,recipe-estimate,Stir-fried noodles.
Schezwan Noodles,Indo-Chinese,meal,1 plate,250,8.0,48.0,11.0,330.0,3.2,19.2,4.4,132.0,Standard recipe estimate,USDA FoodData Central noodle reference,recipe-estimate,Spicy noodles.
Veg Fried Rice,Indo-Chinese,meal,1 plate,250,7.0,45.0,9.0,300.0,2.8,18.0,3.6,120.0,Standard recipe estimate,USDA FoodData Central fried rice reference,recipe-estimate,Vegetable fried rice.
Veg Manchurian,Indo-Chinese,meal,1 cup,200,16.0,40.0,24.0,440.0,8.0,20.0,12.0,220.0,USDA FoodData Central + recipe estimate,Cross-checked against standard dish composition; fillings vary,estimated,Veg manchurian gravy/fry.
Lasagna,Italian,meal,1 piece,180,14.4,27.0,10.8,270.0,8.0,15.0,6.0,150.0,USDA FoodData Central + FAO/INFOODS/CoFID,USDA FoodData Central + FAO/INFOODS/CoFID,cross-validated,Generic meat/veg lasagna.
Pasta,Italian,meal,1 cup,140,8.12,43.26,1.4,221.2,5.8,30.9,1.0,158.0,USDA FoodData Central + FAO/INFOODS/CoFID,USDA FoodData Central + FAO/INFOODS/CoFID,cross-validated,"Cooked pasta, generic."
Pizza,Italian,meal,1 slice,107,12.2,35.63,10.81,284.6,11.4,33.3,10.1,266.0,USDA FoodData Central + FAO/INFOODS/CoFID,USDA FoodData Central + FAO/INFOODS/CoFID,cross-validated,"Cheese pizza slice, average."
Risotto,Italian,meal,1 bowl,220,6.6,55.0,11.0,330.0,3.0,25.0,5.0,150.0,USDA FoodData Central + FAO/INFOODS/CoFID,USDA FoodData Central + FAO/INFOODS/CoFID,cross-validated,Creamy rice risotto.
Spaghetti,Italian,meal,1 cup,140,8.12,43.26,1.4,221.2,5.8,30.9,1.0,158.0,USDA FoodData Central + FAO/INFOODS/CoFID,USDA FoodData Central + FAO/INFOODS/CoFID,cross-validated,Cooked spaghetti.
California Roll,Japanese,meal,1 roll (8 pieces),240,10.0,38.0,7.0,270.0,4.17,15.83,2.92,112.5,Standard recipe estimate,USDA FoodData Central + FAO/INFOODS comparable rice-roll reference,recipe-estimate,Average California roll.
Katsu Curry,Japanese,meal,1 serving,350,18.0,50.0,18.0,450.0,5.14,14.29,5.14,128.57,Standard recipe estimate,USDA FoodData Central curry reference,recipe-estimate,Japanese curry with cutlet.
Ramen,Japanese,meal,1 bowl,450,15.0,65.0,15.0,480.0,3.33,14.44,3.33,106.67,Standard recipe estimate,USDA FoodData Central noodle soup reference,recipe-estimate,Average ramen bowl.
Sushi (Average),Japanese,meal,6 pieces,180,18.0,54.0,12.6,432.0,10.0,30.0,7.0,240.0,USDA FoodData Central + recipe estimate,Cross-checked against standard dish composition; fillings vary,estimated,Average sushi assortment.
Sushi Roll (Average),Japanese,meal,1 roll (8 pieces),250,13.0,40.0,6.0,280.0,5.2,16.0,2.4,112.0,Standard recipe estimate,USDA FoodData Central + FAO/INFOODS comparable rice-roll reference,recipe-estimate,Average maki roll.
Teriyaki Chicken Bowl,Japanese,meal,1 bowl,350,70.0,182.0,35.0,1470.0,20.0,52.0,10.0,420.0,USDA FoodData Central + recipe estimate,Cross-checked against standard dish composition; fillings vary,estimated,Average teriyaki chicken bowl.
Udon,Japanese,meal,1 bowl,400,12.0,58.0,10.0,390.0,3.0,14.5,2.5,97.5,Standard recipe estimate,USDA FoodData Central noodle soup reference,recipe-estimate,Average udon bowl.
Tomato Bath,Karnataka,meal,1 cup,200,8.0,80.0,18.0,520.0,4.0,40.0,9.0,260.0,IFCT 2017 + USDA FoodData Central + recipe estimate,Cross-checked against composition tables; recipe-dependent,estimated,"Tomato rice, average."
Wangibath,Karnataka,meal,1 cup,200,9.0,76.0,20.0,560.0,4.5,38.0,10.0,280.0,IFCT 2017 + USDA FoodData Central + recipe estimate,Cross-checked against composition tables; recipe-dependent,estimated,"Brinjal rice, average."
Bibimbap,Korean,meal,1 bowl,400,18.0,60.0,12.0,470.0,4.5,15.0,3.0,117.5,Standard recipe estimate,USDA FoodData Central rice bowl reference,recipe-estimate,Mixed rice bowl.
Japchae,Korean,meal,1 plate,250,6.0,40.0,8.0,270.0,2.4,16.0,3.2,108.0,Standard recipe estimate,USDA FoodData Central noodle reference,recipe-estimate,Glass noodles with vegetables.
Kimbap,Korean,meal,1 roll,250,10.0,45.0,8.0,300.0,4.0,18.0,3.2,120.0,Standard recipe estimate,USDA FoodData Central rice roll reference,recipe-estimate,Seaweed rice roll.
Kimchi Fried Rice,Korean,meal,1 plate,300,10.0,50.0,12.0,340.0,3.33,16.67,4.0,113.33,Standard recipe estimate,USDA FoodData Central fried rice reference,recipe-estimate,Rice cooked with kimchi.
Amti,Marathi,meal,1 bowl,200,9.0,24.0,8.0,180.0,4.5,12.0,4.0,90.0,IFCT 2017 + USDA FoodData Central + standard recipe estimate,Standard recipe estimate cross-checked against ingredient tables,cross-validated,Maharashtrian dal curry.
Bharli Vangi,Marathi,meal,1 bowl,150,3.75,13.5,12.0,165.0,2.5,9.0,8.0,110.0,IFCT 2017 + USDA FoodData Central + standard recipe estimate,Standard recipe estimate cross-checked against ingredient tables,cross-validated,Stuffed eggplant curry.
Kolhapuri Chicken,Marathi,meal,1 bowl,200,25.0,8.0,18.0,294.0,12.5,4.0,9.0,147.0,Indian Food Composition Tables (IFCT 2017),Standard recipe estimate cross-checked against ingredient tables,estimated,Spicy chicken curry.
Kolhapuri Mutton,Marathi,meal,1 bowl,200,24.0,6.0,20.0,300.0,12.0,3.0,10.0,150.0,Indian Food Composition Tables (IFCT 2017),Standard recipe estimate cross-checked against ingredient tables,estimated,Spicy mutton curry.
Misal Pav,Marathi,meal,1 plate,250,17.5,70.0,30.0,600.0,7.0,28.0,12.0,240.0,IFCT 2017 + USDA FoodData Central + standard recipe estimate,Standard recipe estimate cross-checked against ingredient tables,cross-validated,Spicy sprout curry with bread.
Pithla Bhakri,Marathi,meal,1 plate,300,10.0,40.0,12.0,308.0,3.33,13.33,4.0,102.67,Indian Food Composition Tables (IFCT 2017),Standard recipe estimate cross-checked against ingredient tables,estimated,Gram flour gravy with flatbread.
Zunka Bhakri,Marathi,meal,1 plate,300,12.0,38.0,12.0,308.0,4.0,12.67,4.0,102.67,Indian Food Composition Tables (IFCT 2017),Standard recipe estimate cross-checked against ingredient tables,estimated,Dry gram flour curry with bhakri.
Shawarma Plate,Middle Eastern,meal,1 plate,400,96.0,220.0,100.0,2480.0,24.0,55.0,25.0,620.0,IFCT 2017 + USDA FoodData Central + recipe estimate,Cross-checked against composition tables; recipe-dependent,estimated,"Shawarma with rice/fries/salad, average."
Bamboo Shoot Curry,North Eastern,meal,1 bowl,150,3.0,7.5,4.5,90.0,2.0,5.0,3.0,60.0,IFCT 2017 + USDA FoodData Central + standard recipe estimate,Standard recipe estimate cross-checked against ingredient tables,cross-validated,Light bamboo-shoot dish.
Chicken Thukpa,North Eastern,meal,1 bowl,250,12.5,60.0,12.5,400.0,5.0,24.0,5.0,160.0,IFCT 2017 + USDA FoodData Central + standard recipe estimate,Standard recipe estimate cross-checked against ingredient tables,cross-validated,Chicken noodle soup.
Fish Curry,North Eastern,meal,1 bowl,200,36.0,12.0,20.0,380.0,18.0,6.0,10.0,190.0,IFCT 2017 + USDA FoodData Central + standard recipe estimate,Standard recipe estimate cross-checked against ingredient tables,cross-validated,Regional fish curry.
Fish Tenga,North Eastern,meal,1 bowl,200,18.0,8.0,8.0,176.0,9.0,4.0,4.0,88.0,Indian Food Composition Tables (IFCT 2017),Standard recipe estimate cross-checked against ingredient tables,estimated,Sour Assamese fish curry.
Pork Curry,North Eastern,meal,1 bowl,200,40.0,8.0,32.0,500.0,20.0,4.0,16.0,250.0,IFCT 2017 + USDA FoodData Central + standard recipe estimate,Standard recipe estimate cross-checked against ingredient tables,cross-validated,Regional pork curry.
Smoked Pork Curry,North Eastern,meal,1 bowl,200,20.0,5.0,20.0,280.0,10.0,2.5,10.0,140.0,Indian Food Composition Tables (IFCT 2017),Standard recipe estimate cross-checked against ingredient tables,estimated,"Pork curry, smoky preparation."
Thukpa Chicken,North Eastern,meal,1 bowl,300,18.0,42.0,8.0,312.0,6.0,14.0,2.67,104.0,Indian Food Composition Tables (IFCT 2017),Standard recipe estimate cross-checked against ingredient tables,estimated,Chicken noodle soup.
Thukpa Veg,North Eastern,meal,1 bowl,300,8.0,45.0,6.0,266.0,2.67,15.0,2.0,88.67,Indian Food Composition Tables (IFCT 2017),Standard recipe estimate cross-checked against ingredient tables,estimated,Vegetable noodle soup.
Veg Thukpa,North Eastern,meal,1 bowl,250,8.75,55.0,10.0,350.0,3.5,22.0,4.0,140.0,IFCT 2017 + USDA FoodData Central + standard recipe estimate,Standard recipe estimate cross-checked against ingredient tables,cross-validated,Noodle soup.
Aloo Dum Biryani,North Indian,meal,1 plate,300,7.0,55.0,12.0,380.0,2.33,18.33,4.0,126.67,Standard recipe estimate,IFCT 2017 + USDA FoodData Central biryani reference,recipe-estimate,Potato biryani average.
Aloo Gobi,North Indian,meal,1 bowl,180,4.0,16.0,8.0,152.0,2.22,8.89,4.44,84.44,Indian Food Composition Tables (IFCT 2017),Standard recipe estimate cross-checked against ingredient tables,estimated,Potato cauliflower curry.
Baingan Bharta,North Indian,meal,1 bowl,180,3.0,14.0,8.0,140.0,1.67,7.78,4.44,77.78,Indian Food Composition Tables (IFCT 2017),Standard recipe estimate cross-checked against ingredient tables,estimated,Smoky mashed eggplant curry.
Bhindi Masala,North Indian,meal,1 bowl,150,3.0,10.0,7.0,115.0,2.0,6.67,4.67,76.67,Indian Food Composition Tables (IFCT 2017),Standard recipe estimate cross-checked against ingredient tables,estimated,Okra stir-fry/curry.
Butter Chicken,North Indian,meal,1 bowl,200,36.0,16.0,40.0,540.0,18.0,8.0,20.0,270.0,IFCT 2017 + USDA FoodData Central + standard recipe estimate,Standard recipe estimate cross-checked against ingredient tables,cross-validated,Chicken in butter-cream gravy.
Chicken Biryani,North Indian,meal,1 plate,300,16.5,72.0,24.0,480.0,5.5,24.0,8.0,160.0,IFCT 2017 + USDA FoodData Central + standard recipe estimate,Standard recipe estimate cross-checked against ingredient tables,cross-validated,Typical mixed chicken biryani.
Chole,North Indian,meal,1 bowl,200,16.0,48.0,10.0,300.0,8.0,24.0,5.0,150.0,IFCT 2017 + USDA FoodData Central + standard recipe estimate,Standard recipe estimate cross-checked against ingredient tables,cross-validated,Chickpea curry.
Chole Bhature,North Indian,meal,1 plate,400,16.0,72.0,24.0,568.0,4.0,18.0,6.0,142.0,Indian Food Composition Tables (IFCT 2017),Standard recipe estimate cross-checked against ingredient tables,estimated,"Chickpeas with fried bread, plated meal."
Chole Rice,North Indian,meal,1 plate,350,15.0,70.0,8.0,412.0,4.29,20.0,2.29,117.71,Indian Food Composition Tables (IFCT 2017),Standard recipe estimate cross-checked against ingredient tables,estimated,Chickpeas with rice.
Dal Makhani,North Indian,meal,1 bowl,200,10.0,20.0,14.0,246.0,5.0,10.0,7.0,123.0,Indian Food Composition Tables (IFCT 2017),Standard recipe estimate cross-checked against ingredient tables,estimated,Creamy black lentil curry.
Dal Tadka,North Indian,meal,1 bowl,200,11.0,24.0,10.0,220.0,5.5,12.0,5.0,110.0,IFCT 2017 + USDA FoodData Central + standard recipe estimate,Standard recipe estimate cross-checked against ingredient tables,cross-validated,Cooked lentils with tempering.
Kadhi Pakora,North Indian,meal,1 bowl,220,7.0,18.0,10.0,190.0,3.18,8.18,4.55,86.36,Indian Food Composition Tables (IFCT 2017),Standard recipe estimate cross-checked against ingredient tables,estimated,Yogurt curry with fritters.
Matar Paneer,North Indian,meal,1 bowl,200,12.0,12.0,14.0,222.0,6.0,6.0,7.0,111.0,Indian Food Composition Tables (IFCT 2017),Standard recipe estimate cross-checked against ingredient tables,estimated,Peas and paneer curry.
Palak Paneer,North Indian,meal,1 bowl,200,12.0,10.0,16.0,232.0,6.0,5.0,8.0,116.0,Indian Food Composition Tables (IFCT 2017),Standard recipe estimate cross-checked against ingredient tables,estimated,Spinach paneer curry.
Paneer Bhurji,North Indian,meal,1 bowl,180,15.0,8.0,18.0,254.0,8.33,4.44,10.0,141.11,Indian Food Composition Tables (IFCT 2017),Standard recipe estimate cross-checked against ingredient tables,estimated,Scrambled spiced paneer.
Paneer Butter Masala,North Indian,meal,1 bowl,200,16.0,20.0,36.0,480.0,8.0,10.0,18.0,240.0,IFCT 2017 + USDA FoodData Central + standard recipe estimate,Standard recipe estimate cross-checked against ingredient tables,cross-validated,Creamy paneer curry.
Rajma Chawal,North Indian,meal,1 plate,400,18.0,74.0,8.0,440.0,4.5,18.5,2.0,110.0,Indian Food Composition Tables (IFCT 2017),Standard recipe estimate cross-checked against ingredient tables,estimated,Kidney beans with rice.
Rajma Curry,North Indian,meal,1 bowl,200,17.0,44.0,8.0,280.0,8.5,22.0,4.0,140.0,IFCT 2017 + USDA FoodData Central + standard recipe estimate,Standard recipe estimate cross-checked against ingredient tables,cross-validated,Kidney bean curry.
Sarson da Saag,North Indian,meal,1 bowl,180,4.0,12.0,8.0,136.0,2.22,6.67,4.44,75.56,Indian Food Composition Tables (IFCT 2017),Standard recipe estimate cross-checked against ingredient tables,estimated,Mustard greens curry.
Tandoori Chicken,North Indian,meal,1 piece,120,28.0,3.0,7.0,187.0,23.33,2.5,5.83,155.83,Indian Food Composition Tables (IFCT 2017),Standard recipe estimate cross-checked against ingredient tables,estimated,Tandoor-roasted chicken portion.
Vegetable Biryani,North Indian,meal,1 plate,300,11.4,72.0,18.0,435.0,3.8,24.0,6.0,145.0,IFCT 2017 + USDA FoodData Central + standard recipe estimate,Standard recipe estimate cross-checked against ingredient tables,cross-validated,Typical mixed vegetable biryani.
Vegetable Khichdi,North Indian,meal,1 bowl,250,8.75,50.0,8.75,300.0,3.5,20.0,3.5,120.0,IFCT 2017 + USDA FoodData Central + standard recipe estimate,Standard recipe estimate cross-checked against ingredient tables,cross-validated,Rice-lentil khichdi.
Bisibelebath,South Indian,meal,1 plate,300,8.0,50.0,10.0,322.0,2.67,16.67,3.33,107.33,Indian Food Composition Tables (IFCT 2017),Standard recipe estimate cross-checked against ingredient tables,estimated,Rice-lentil-vegetable one-pot meal.
Chicken Chettinad,South Indian,meal,1 bowl,200,24.0,6.0,18.0,282.0,12.0,3.0,9.0,141.0,Indian Food Composition Tables (IFCT 2017),Standard recipe estimate cross-checked against ingredient tables,estimated,Spiced chicken curry.
Curd Rice,South Indian,meal,1 bowl,250,8.0,45.0,10.0,325.0,3.2,18.0,4.0,130.0,IFCT 2017 + USDA FoodData Central + standard recipe estimate,Standard recipe estimate cross-checked against ingredient tables,cross-validated,Cooked rice mixed with curd.
Fish Moilee,South Indian,meal,1 bowl,200,20.0,6.0,18.0,266.0,10.0,3.0,9.0,133.0,Indian Food Composition Tables (IFCT 2017),Standard recipe estimate cross-checked against ingredient tables,estimated,Fish curry with coconut milk.
Lemon Rice,South Indian,meal,1 plate,250,4.5,44.0,10.0,284.0,1.8,17.6,4.0,113.6,Indian Food Composition Tables (IFCT 2017),Standard recipe estimate cross-checked against ingredient tables,estimated,"Seasoned rice with lemon, curry leaves and peanuts."
Prawn Curry,South Indian,meal,1 bowl,200,20.0,6.0,14.0,230.0,10.0,3.0,7.0,115.0,Indian Food Composition Tables (IFCT 2017),Standard recipe estimate cross-checked against ingredient tables,estimated,Prawn curry with coconut/spice base.
Puliyogare,South Indian,meal,1 cup,200,8.0,84.0,16.0,520.0,4.0,42.0,8.0,260.0,IFCT 2017 + USDA FoodData Central + recipe estimate,Cross-checked against composition tables; recipe-dependent,estimated,Tamarind rice.
Tamarind Rice,South Indian,meal,1 plate,250,4.0,48.0,11.0,307.0,1.6,19.2,4.4,122.8,Indian Food Composition Tables (IFCT 2017),Standard recipe estimate cross-checked against ingredient tables,estimated,Puliyodarai-style tamarind rice.
Paella,Spanish,meal,1 bowl,250,16.25,50.0,15.0,400.0,6.5,20.0,6.0,160.0,USDA FoodData Central + FAO/INFOODS/CoFID,USDA FoodData Central + FAO/INFOODS/CoFID,cross-validated,Generic mixed paella.
Tortilla Espanola,Spanish,meal,1 slice,120,7.2,16.8,12.0,204.0,6.0,14.0,10.0,170.0,USDA FoodData Central + FAO/INFOODS/CoFID,USDA FoodData Central + FAO/INFOODS/CoFID,cross-validated,Potato-egg omelette.
Kathi Roll,Street Food,meal,1 roll,200,15.0,35.0,15.0,335.0,7.5,17.5,7.5,167.5,Indian Food Composition Tables (IFCT 2017),Standard recipe estimate cross-checked against ingredient tables,estimated,Paratha roll with filling.
Tofu Scramble,Vegan,meal,1 serving,150,10.0,4.0,8.0,120.0,6.67,2.67,5.33,80.0,Standard recipe estimate,USDA FoodData Central egg scramble comparable,recipe-estimate,Seasoned tofu scramble.
Baked Beans,Western,meal,1 cup,240,11.28,50.4,1.2,264.0,4.7,21.0,0.5,110.0,USDA FoodData Central + FAO/INFOODS/CoFID,USDA FoodData Central + FAO/INFOODS/CoFID,cross-validated,Sweet baked beans.
Chicken Burrito,Western,meal,1 burrito,280,24.0,40.0,14.0,420.0,8.57,14.29,5.0,150.0,Standard recipe estimate,USDA FoodData Central wrap reference,recipe-estimate,Chicken burrito.
Fish and Chips,Western,meal,1 plate,350,42.0,87.5,52.5,875.0,12.0,25.0,15.0,250.0,USDA FoodData Central + FAO/INFOODS/CoFID,USDA FoodData Central + FAO/INFOODS/CoFID,cross-validated,Average pub-style serving.
Paneer Burrito,Western,meal,1 burrito,270,18.0,42.0,16.0,400.0,6.67,15.56,5.93,148.15,Standard recipe estimate,USDA FoodData Central wrap reference,recipe-estimate,Paneer burrito.
Sandwich,Western,meal,1 sandwich,160,14.4,35.2,16.0,352.0,9.0,22.0,10.0,220.0,USDA FoodData Central + FAO/INFOODS/CoFID,USDA FoodData Central + FAO/INFOODS/CoFID,cross-validated,Generic sandwich.
Veg Burrito,Western,meal,1 burrito,250,12.0,45.0,12.0,350.0,4.8,18.0,4.8,140.0,Standard recipe estimate,USDA FoodData Central wrap reference,recipe-estimate,Vegetable burrito.
Gujarati Kadhi,Gujarati,side dish,1 cup,200,4.0,10.0,7.0,119.0,2.0,5.0,3.5,59.5,Indian Food Composition Tables (IFCT 2017),Standard recipe estimate cross-checked against ingredient tables,estimated,Thin sweet-sour yogurt curry.
Kimchi,Korean,side dish,1 cup,150,2.0,6.0,1.0,35.0,1.33,4.0,0.67,23.33,USDA FoodData Central,USDA FoodData Central fermented vegetable reference,cross-validated,Fermented cabbage.
Batata Bhaji,Marathi,side dish,1 bowl,150,3.0,18.0,7.0,147.0,2.0,12.0,4.67,98.0,Indian Food Composition Tables (IFCT 2017),Standard recipe estimate cross-checked against ingredient tables,estimated,Spiced potato preparation.
Bamboo Shoot Curry (Northeast style),North Eastern,side dish,1 bowl,150,2.0,8.0,5.0,85.0,1.33,5.33,3.33,56.67,Indian Food Composition Tables (IFCT 2017),Standard recipe estimate cross-checked against ingredient tables,estimated,Bamboo shoot vegetable curry.
Avial,South Indian,side dish,1 bowl,150,3.0,12.0,8.0,132.0,2.0,8.0,5.33,88.0,Indian Food Composition Tables (IFCT 2017),Standard recipe estimate cross-checked against ingredient tables,estimated,Mixed vegetables in coconut-yogurt base.
Coconut Chutney,South Indian,side dish,2 tbsp,30,0.9,2.7,3.6,51.0,3.0,9.0,12.0,170.0,IFCT 2017 + USDA FoodData Central + standard recipe estimate,Standard recipe estimate cross-checked against ingredient tables,cross-validated,"Coconut chutney, averaged."
Kootu,South Indian,side dish,1 bowl,180,5.0,14.0,5.0,121.0,2.78,7.78,2.78,67.22,Indian Food Composition Tables (IFCT 2017),Standard recipe estimate cross-checked against ingredient tables,estimated,Vegetable and lentil stew.
Poriyal,South Indian,side dish,1 bowl,100,2.0,6.0,4.0,68.0,2.0,6.0,4.0,68.0,Indian Food Composition Tables (IFCT 2017),Standard recipe estimate cross-checked against ingredient tables,estimated,"Vegetable stir-fry, lightly seasoned."
Rasam,South Indian,side dish,1 cup,240,2.4,9.6,2.4,72.0,1.0,4.0,1.0,30.0,IFCT 2017 + USDA FoodData Central + standard recipe estimate,Standard recipe estimate cross-checked against ingredient tables,cross-validated,Tomato/tamarind rasam.
Rasam (spiced),South Indian,side dish,1 cup,240,1.2,5.5,1.0,35.8,0.5,2.29,0.42,14.92,Indian Food Composition Tables (IFCT 2017),Standard recipe estimate cross-checked against ingredient tables,estimated,"Tomato/tamarind rasam, thin soup."
Sambar,South Indian,side dish,1 cup,240,6.48,19.2,6.0,139.2,2.7,8.0,2.5,58.0,IFCT 2017 + USDA FoodData Central + standard recipe estimate,Standard recipe estimate cross-checked against ingredient tables,cross-validated,Vegetable sambar.
Sambar (thick),South Indian,side dish,1 cup,240,5.0,14.0,4.5,116.5,2.08,5.83,1.88,48.54,Indian Food Composition Tables (IFCT 2017),Standard recipe estimate cross-checked against ingredient tables,estimated,"Vegetable sambar, lentil-based."
Thoran,South Indian,side dish,1 bowl,120,2.0,8.0,6.0,94.0,1.67,6.67,5.0,78.33,Indian Food Composition Tables (IFCT 2017),Standard recipe estimate cross-checked against ingredient tables,estimated,Dry vegetable stir-fry with coconut.
Egusi Soup,African,soup,1 bowl,250,12.0,10.0,18.0,250.0,4.8,4.0,7.2,100.0,Standard recipe estimate,FAO/INFOODS + comparable soup reference,recipe-estimate,Melon seed soup.
Hot and Sour Soup,Chinese,soup,1 bowl,250,4.0,10.0,4.0,90.0,1.6,4.0,1.6,36.0,Standard recipe estimate,USDA FoodData Central soup reference,recipe-estimate,Spiced soup.
Sweet Corn Soup,Chinese,soup,1 bowl,250,4.0,18.0,3.0,120.0,1.6,7.2,1.2,48.0,Standard recipe estimate,USDA FoodData Central soup reference,recipe-estimate,Chinese sweet corn soup.
Wonton Soup,Chinese,soup,1 bowl,250,7.0,12.0,4.0,110.0,2.8,4.8,1.6,44.0,Standard recipe estimate,USDA FoodData Central soup reference,recipe-estimate,Soup with wontons.
Miso Soup,Japanese,soup,1 bowl,240,3.0,5.0,2.0,45.0,1.25,2.08,0.83,18.75,USDA FoodData Central comparable soup reference,USDA FoodData Central soup reference,cross-validated,Light miso broth.
Mutton Soup,North Indian,soup,1 bowl,250,16.0,8.0,10.0,180.0,6.4,3.2,4.0,72.0,Standard recipe estimate,USDA FoodData Central soup reference,recipe-estimate,Mutton broth soup.
Gazpacho,Spanish,soup,1 bowl,250,3.75,17.5,10.0,150.0,1.5,7.0,4.0,60.0,USDA FoodData Central + FAO/INFOODS/CoFID,USDA FoodData Central + FAO/INFOODS/CoFID,cross-validated,Chilled tomato soup.
Lentil Soup,Vegan,soup,1 bowl,250,10.0,25.0,4.0,180.0,4.0,10.0,1.6,72.0,Standard recipe estimate,IFCT 2017 + USDA FoodData Central soup reference,recipe-estimate,Thick lentil soup.
Caprese Salad,Italian,salad,1 bowl,150,9.0,4.5,12.0,180.0,6.0,3.0,8.0,120.0,USDA FoodData Central + FAO/INFOODS/CoFID,USDA FoodData Central + FAO/INFOODS/CoFID,cross-validated,"Tomato, mozzarella, basil."
Caesar Salad,Salad,salad,1 bowl,180,7.0,10.0,12.0,180.0,3.89,5.56,6.67,100.0,Standard recipe estimate,USDA FoodData Central salad reference,recipe-estimate,Romaine with dressing and croutons.
Chicken Salad,Salad,salad,1 bowl,180,20.0,8.0,8.0,180.0,11.11,4.44,4.44,100.0,Standard recipe estimate,USDA FoodData Central salad reference,recipe-estimate,Chicken with mixed vegetables.
Fruit Salad,Salad,salad,1 bowl,150,1.0,20.0,0.5,90.0,0.67,13.33,0.33,60.0,Standard recipe estimate,USDA FoodData Central fruit reference,recipe-estimate,Mixed seasonal fruits.
Garden Salad,Salad,salad,1 bowl,120,2.0,8.0,2.0,70.0,1.67,6.67,1.67,58.33,USDA FoodData Central,USDA FoodData Central salad reference,cross-validated,"Mixed lettuce, tomato, cucumber."
Greek Salad,Salad,salad,1 bowl,180,5.0,10.0,12.0,170.0,2.78,5.56,6.67,94.44,Standard recipe estimate,USDA FoodData Central salad reference,recipe-estimate,"With feta, olives, and vegetables."
Chickpea Salad,Vegan,salad,1 bowl,150,7.0,20.0,5.0,160.0,4.67,13.33,3.33,106.67,Standard recipe estimate,IFCT 2017 + USDA FoodData Central salad reference,recipe-estimate,Chickpeas with vegetables.
Coleslaw,Western,salad,1 bowl,150,3.0,21.0,18.0,270.0,2.0,14.0,12.0,180.0,USDA FoodData Central + recipe estimate,Cross-checked against standard dish composition; fillings vary,estimated,Cabbage slaw with dressing.
Mishti Doi,Bengali,dessert,1 bowl,100,3.0,18.0,4.0,120.0,3.0,18.0,4.0,120.0,Indian Food Composition Tables (IFCT 2017),Standard recipe estimate cross-checked against ingredient tables,estimated,Sweetened set yogurt.
Rasgulla,Bengali,dessert,1 piece,40,2.0,8.0,1.0,49.0,5.0,20.0,2.5,122.5,Indian Food Composition Tables (IFCT 2017),Standard recipe estimate cross-checked against ingredient tables,estimated,Syrup-soaked cheese ball.
Sandesh,Bengali,dessert,1 piece,30,2.0,8.0,2.0,58.0,6.67,26.67,6.67,193.33,Indian Food Composition Tables (IFCT 2017),Standard recipe estimate cross-checked against ingredient tables,estimated,Fresh milk-based sweet.
Vanilla Ice Cream,Dessert,dessert,1 cup,100,3.5,23.0,11.0,207.0,3.5,23.0,11.0,207.0,USDA FoodData Central + recipe estimates,USDA FoodData Central + recipe estimates,estimated,Average vanilla ice cream.
Basundi,Gujarati,dessert,1 cup,150,5.0,30.0,12.0,248.0,3.33,20.0,8.0,165.33,Indian Food Composition Tables (IFCT 2017),Standard recipe estimate cross-checked against ingredient tables,estimated,Sweetened reduced milk dessert.
Mohanthal,Gujarati,dessert,1 piece,30,3.0,16.0,8.0,148.0,10.0,53.33,26.67,493.33,Indian Food Composition Tables (IFCT 2017),Standard recipe estimate cross-checked against ingredient tables,estimated,Gram flour sweet fudge.
Shrikhand,Gujarati,dessert,1 bowl,100,4.0,20.0,9.0,180.0,4.0,20.0,9.0,180.0,IFCT 2017 + USDA FoodData Central + standard recipe estimate,Standard recipe estimate cross-checked against ingredient tables,cross-validated,Sweetened strained yogurt.
Tiramisu,Italian,dessert,1 slice,120,6.0,30.0,24.0,360.0,5.0,25.0,20.0,300.0,USDA FoodData Central + FAO/INFOODS/CoFID,USDA FoodData Central + FAO/INFOODS/CoFID,cross-validated,Average tiramisu slice.
Ukadiche Modak,Marathi,dessert,1 piece,40,1.6,13.2,2.4,72.0,4.0,33.0,6.0,180.0,IFCT 2017 + USDA FoodData Central + standard recipe estimate,Standard recipe estimate cross-checked against ingredient tables,cross-validated,Rice-flour sweet dumpling.
Gulab Jamun,North Indian,dessert,1 piece,35,1.05,7.0,2.1,52.5,3.0,20.0,6.0,150.0,IFCT 2017 + USDA FoodData Central + recipe estimate,Cross-checked against composition tables; recipe-dependent,estimated,Average gulab jamun.
Rabdi,North Indian,dessert,1 cup,200,18.0,56.0,36.0,600.0,9.0,28.0,18.0,300.0,IFCT 2017 + USDA FoodData Central + recipe estimate,Cross-checked against composition tables; recipe-dependent,estimated,Sweet milk rabdi.
Kesari Bath,South Indian,dessert,1 cup,180,7.2,81.0,21.6,576.0,4.0,45.0,12.0,320.0,IFCT 2017 + USDA FoodData Central + recipe estimate,Cross-checked against composition tables; recipe-dependent,estimated,Sweet semolina kesari.
Churros,Spanish,dessert,3 pieces,90,4.5,45.0,19.8,378.0,5.0,50.0,22.0,420.0,USDA FoodData Central + FAO/INFOODS/CoFID,USDA FoodData Central + FAO/INFOODS/CoFID,cross-validated,Fried dough pastry.
Black Coffee,Beverage,beverage,1 cup,240,0.0,0.0,0.0,4.8,0.0,0.0,0.0,2.0,USDA FoodData Central + beverage label averages,Cross-checked against standard beverage composition; sugar and milk vary,estimated,Unsweetened brewed coffee.
Coconut Water,Beverage,beverage,1 glass,240,1.68,8.88,0.48,45.6,0.7,3.7,0.2,19.0,USDA FoodData Central + recipe estimates,USDA FoodData Central + recipe estimates,estimated,Natural coconut water.
Coke,Beverage,beverage,1 can,330,0.0,35.0,0.0,140.0,0.0,10.61,0.0,42.42,Brand-average estimate,USDA FoodData Central beverage reference,brand-average-estimate,Regular cola soft drink.
Coke (330ml),Beverage,beverage,1 can,330,0.0,128.7,0.0,458.7,0.0,39.0,0.0,139.0,USDA FoodData Central + beverage label averages,Cross-checked against standard beverage composition; sugar and milk vary,brand-average,"Coca-Cola, average can."
Fanta,Beverage,beverage,1 can,330,0.0,37.0,0.0,150.0,0.0,11.21,0.0,45.45,Brand-average estimate,USDA FoodData Central beverage reference,brand-average-estimate,Orange soda.
Fruit Juice (Average),Beverage,beverage,1 glass,250,0.75,27.5,0.25,115.0,0.3,11.0,0.1,46.0,USDA FoodData Central + recipe estimates,USDA FoodData Central + recipe estimates,estimated,"Average fruit juice, unsweetened/standard."
Lemon Juice,Beverage,beverage,1 glass,250,1.0,17.25,0.5,55.0,0.4,6.9,0.2,22.0,USDA FoodData Central + recipe estimates,USDA FoodData Central + recipe estimates,estimated,"Diluted lemon juice, unsweetened."
Lemon Soda,Beverage,beverage,1 glass,250,0.0,20.0,0.0,80.0,0.0,8.0,0.0,32.0,Standard recipe estimate,USDA FoodData Central beverage reference,recipe-estimate,Sweet lemon soda.
Maaza,Beverage,beverage,1 bottle,250,0.0,33.0,0.0,140.0,0.0,13.2,0.0,56.0,Brand-average estimate,USDA FoodData Central beverage reference,brand-average-estimate,Mango drink.
Maaza (330ml),Beverage,beverage,1 can,330,0.0,141.9,0.0,561.0,0.0,43.0,0.0,170.0,USDA FoodData Central + beverage label averages,Cross-checked against standard beverage composition; sugar and milk vary,brand-average,Mango drink average.
Mirinda,Beverage,beverage,1 can,330,0.0,38.0,0.0,160.0,0.0,11.52,0.0,48.48,Brand-average estimate,USDA FoodData Central beverage reference,brand-average-estimate,Orange soft drink.
Mirinda (330ml),Beverage,beverage,1 can,330,0.0,128.7,0.0,495.0,0.0,39.0,0.0,150.0,USDA FoodData Central + beverage label averages,Cross-checked against standard beverage composition; sugar and milk vary,brand-average,Orange drink average.
Monster Energy,Beverage,beverage,1 can,500,0.0,54.0,0.0,210.0,0.0,10.8,0.0,42.0,Brand-average estimate,USDA FoodData Central beverage reference,brand-average-estimate,"Energy drink, average."
Pepsi,Beverage,beverage,1 can,330,0.0,36.0,0.0,150.0,0.0,10.91,0.0,45.45,Brand-average estimate,USDA FoodData Central beverage reference,brand-average-estimate,Regular cola soft drink.
Pepsi (330ml),Beverage,beverage,1 can,330,0.0,135.3,0.0,495.0,0.0,41.0,0.0,150.0,USDA FoodData Central + beverage label averages,Cross-checked against standard beverage composition; sugar and milk vary,brand-average,"Pepsi, average can."
Red Bull,Beverage,beverage,1 can,250,0.0,27.0,0.0,110.0,0.0,10.8,0.0,44.0,Brand-average estimate,USDA FoodData Central beverage reference,brand-average-estimate,"Energy drink, average."
Soda,Beverage,beverage,1 can,355,0.0,37.63,0.0,149.1,0.0,10.6,0.0,42.0,USDA FoodData Central + recipe estimates,USDA FoodData Central + recipe estimates,estimated,Sugar-sweetened soft drink.
Sprite,Beverage,beverage,1 can,330,0.0,35.0,0.0,140.0,0.0,10.61,0.0,42.42,Brand-average estimate,USDA FoodData Central beverage reference,brand-average-estimate,Lemon-lime soda.
Tea (Masala Chai),Beverage,beverage,1 cup,150,3.0,12.0,3.75,90.0,2.0,8.0,2.5,60.0,USDA FoodData Central + beverage label averages,Cross-checked against standard beverage composition; sugar and milk vary,estimated,"Masala chai, average."
Tea (Milk Tea),Beverage,beverage,1 cup,150,3.0,10.5,3.0,82.5,2.0,7.0,2.0,55.0,USDA FoodData Central + beverage label averages,Cross-checked against standard beverage composition; sugar and milk vary,estimated,Indian milk tea with moderate sugar.
Tea (Plain Black),Beverage,beverage,1 cup,240,0.0,0.0,0.0,4.8,0.0,0.0,0.0,2.0,USDA FoodData Central + beverage label averages,Cross-checked against standard beverage composition; sugar and milk vary,estimated,Unsweetened black tea.
Thums Up,Beverage,beverage,1 can,330,0.0,35.0,0.0,150.0,0.0,10.61,0.0,45.45,Brand-average estimate,USDA FoodData Central beverage reference,brand-average-estimate,Cola soda.
Black Tea,Indian,beverage,1 cup,200,0.0,0.5,0.0,2.0,0.0,0.25,0.0,1.0,USDA FoodData Central tea reference,USDA FoodData Central beverage reference,cross-validated,Unsweetened brewed tea.
Ginger Tea,Indian,beverage,1 cup,200,1.2,5.5,1.3,35.0,0.6,2.75,0.65,17.5,Standard recipe estimate,USDA FoodData Central tea + milk reference,recipe-estimate,"Tea with ginger, milk, and sugar."
Green Tea,Indian,beverage,1 cup,200,0.0,0.5,0.0,2.0,0.0,0.25,0.0,1.0,USDA FoodData Central tea reference,USDA FoodData Central beverage reference,cross-validated,Unsweetened green tea.
Masala Tea,Indian,beverage,1 cup,200,1.5,6.5,1.5,40.0,0.75,3.25,0.75,20.0,USDA FoodData Central tea + milk reference,USDA FoodData Central + IFCT 2017 beverage averages,cross-validated,"Tea with milk, sugar, and spices."
Milk Tea (Chai),Indian,beverage,1 cup,200,2.0,8.0,2.0,55.0,1.0,4.0,1.0,27.5,USDA FoodData Central tea + milk reference,USDA FoodData Central + IFCT 2017 beverage averages,cross-validated,Standard sweet milk tea.
Sugarcane Juice,Indian,beverage,1 glass,250,0.0,30.0,0.0,120.0,0.0,12.0,0.0,48.0,IFCT 2017 + USDA FoodData Central beverage context,IFCT 2017 + USDA FoodData Central,cross-validated,"Fresh sugarcane juice, average."
Cappuccino,Italian,beverage,1 cup,180,4.0,10.0,4.0,90.0,2.22,5.56,2.22,50.0,USDA FoodData Central coffee + milk reference,USDA FoodData Central + FAO/INFOODS beverage context,cross-validated,Espresso with steamed milk and foam.
Espresso,Italian,beverage,1 shot,30,0.5,0.5,0.0,5.0,1.67,1.67,0.0,16.67,USDA FoodData Central coffee reference,USDA FoodData Central beverage reference,cross-validated,Single espresso shot.
Latte,Italian,beverage,1 cup,240,8.0,12.0,7.0,140.0,3.33,5.0,2.92,58.33,USDA FoodData Central coffee + milk reference,USDA FoodData Central beverage reference,cross-validated,Milk-heavy espresso drink.
Kokum Saar,Marathi,beverage,1 cup,240,1.0,7.0,0.5,36.5,0.42,2.92,0.21,15.21,Indian Food Composition Tables (IFCT 2017),Standard recipe estimate cross-checked against ingredient tables,estimated,Tart kokum soup.
Solkadhi,Marathi,beverage,1 cup,240,1.0,6.0,4.0,64.0,0.42,2.5,1.67,26.67,Indian Food Composition Tables (IFCT 2017),Standard recipe estimate cross-checked against ingredient tables,estimated,Kokum and coconut milk drink.
Lassi Salted,North Indian,beverage,1 glass,250,4.0,10.0,4.0,92.0,1.6,4.0,1.6,36.8,Indian Food Composition Tables (IFCT 2017),Standard recipe estimate cross-checked against ingredient tables,estimated,Salted yogurt drink.
Lassi Sweet,North Indian,beverage,1 glass,250,7.5,37.5,7.5,225.0,3.0,15.0,3.0,90.0,IFCT 2017 + USDA FoodData Central + standard recipe estimate,Standard recipe estimate cross-checked against ingredient tables,cross-validated,Sweet yogurt drink.
Masala Chai,North Indian,beverage,1 cup,150,1.0,10.0,2.0,62.0,0.67,6.67,1.33,41.33,Indian Food Composition Tables (IFCT 2017),Standard recipe estimate cross-checked against ingredient tables,estimated,Tea with milk and sugar.
Filter Coffee,South Indian,beverage,1 cup,150,2.25,12.0,3.0,82.5,1.5,8.0,2.0,55.0,IFCT 2017 + USDA FoodData Central + standard recipe estimate,Standard recipe estimate cross-checked against ingredient tables,cross-validated,Milk coffee with sugar.
Almond Milk (Unsweetened),Vegan,beverage,1 cup,240,0.96,3.6,6.0,72.0,0.4,1.5,2.5,30.0,USDA FoodData Central + plant beverage averages,Cross-checked against typical market formulations; brand varies,cross-validated,Unsweetened almond milk.
Coconut Milk (Beverage),Vegan,beverage,1 cup,240,2.4,14.4,12.0,216.0,1.0,6.0,5.0,90.0,USDA FoodData Central + plant beverage averages,Cross-checked against typical market formulations; brand varies,cross-validated,Carton coconut milk beverage.
Oat Milk,Vegan,beverage,1 cup,240,7.2,38.4,12.0,288.0,3.0,16.0,5.0,120.0,USDA FoodData Central + plant beverage averages,Cross-checked against typical market formulations; brand varies,cross-validated,"Oat milk, unsweetened/standard."
Soy Milk,Vegan,beverage,1 cup,240,7.0,4.0,4.0,80.0,2.92,1.67,1.67,33.33,USDA FoodData Central,USDA FoodData Central beverage reference,cross-validated,Unsweetened soy milk.
Cold Coffee,Western,beverage,1 glass,250,4.0,18.0,6.0,140.0,1.6,7.2,2.4,56.0,Standard recipe estimate,USDA FoodData Central beverage + milk reference,recipe-estimate,"Sweetened milk coffee, chilled."
Hot Chocolate,Western,beverage,1 cup,240,4.0,25.0,6.0,170.0,1.67,10.42,2.5,70.83,USDA FoodData Central cocoa beverage reference,USDA FoodData Central beverage reference,cross-validated,Sweet cocoa drink.
Iced Tea,Western,beverage,1 glass,250,0.0,20.0,0.0,90.0,0.0,8.0,0.0,36.0,Standard recipe estimate,USDA FoodData Central beverage reference,recipe-estimate,Sweetened iced tea.
Milk (Whole),Western,beverage,1 cup,244,7.81,11.71,8.05,148.8,3.2,4.8,3.3,61.0,USDA FoodData Central + FAO/INFOODS/CoFID,USDA FoodData Central + FAO/INFOODS/CoFID,cross-validated,Whole cow milk.
Mocha,Western,beverage,1 cup,240,5.0,25.0,8.0,180.0,2.08,10.42,3.33,75.0,Standard recipe estimate,USDA FoodData Central coffee + milk + cocoa reference,recipe-estimate,Chocolate coffee drink.
Anjeer (Dried Fig),Fruit,fruit,2 pieces,40,1.32,25.56,0.36,99.6,3.3,63.9,0.9,249.0,USDA FoodData Central + nut composition tables,Cross-checked against standard nut composition tables,cross-validated,"Dried fig, common dry fruit."
Apple,Fruit,fruit,1 medium,182,0.55,25.12,0.36,94.6,0.3,13.8,0.2,52.0,USDA FoodData Central,USDA FoodData Central and IFCT 2017,cross-validated,Raw apple.
Avocado,Fruit,fruit,1 medium,150,3.0,13.0,21.0,240.0,2.0,8.67,14.0,160.0,USDA FoodData Central,USDA FoodData Central fruit reference,cross-validated,Whole avocado pulp.
Banana,Fruit,fruit,1 medium,118,1.3,26.9,0.35,105.0,1.1,22.8,0.3,89.0,USDA FoodData Central,USDA FoodData Central and IFCT 2017,cross-validated,Raw banana.
Blackberries,Fruit,fruit,1 cup,144,2.88,19.87,1.01,89.28,2.0,13.8,0.7,62.0,USDA FoodData Central + fruit composition tables,Cross-checked against standard fruit composition; ripeness varies,cross-validated,Raw blackberries.
Blueberries,Fruit,fruit,1 cup,148,1.63,21.76,0.74,124.32,1.1,14.7,0.5,84.0,USDA FoodData Central + fruit composition tables,Cross-checked against standard fruit composition; ripeness varies,cross-validated,Raw blueberries.
Dates,Fruit,fruit,2 pieces,24,0.6,18.0,0.1,66.48,2.5,75.0,0.4,277.0,USDA FoodData Central + nut composition tables,Cross-checked against standard nut composition tables,cross-validated,"Date fruit, average."
Grapes,Fruit,fruit,1 cup,151,1.06,27.33,0.3,104.2,0.7,18.1,0.2,69.0,USDA FoodData Central,USDA FoodData Central and IFCT 2017,cross-validated,Fresh grapes.
Guava,Fruit,fruit,1 medium,100,2.6,14.3,1.0,68.0,2.6,14.3,1.0,68.0,USDA FoodData Central,USDA FoodData Central and IFCT 2017,cross-validated,Raw guava.
Lychee,Fruit,fruit,1 cup,190,1.6,29.0,0.8,125.0,0.84,15.26,0.42,65.79,IFCT 2017 + USDA FoodData Central,IFCT 2017 + USDA FoodData Central fruit reference,cross-validated,Fresh lychee.
Mango,Fruit,fruit,1 medium,200,1.6,30.0,0.8,120.0,0.8,15.0,0.4,60.0,USDA FoodData Central,USDA FoodData Central and IFCT 2017,cross-validated,Raw mango flesh average.
Mulberries,Fruit,fruit,1 cup,140,2.8,23.8,0.7,98.0,2.0,17.0,0.5,70.0,USDA FoodData Central + fruit composition tables,Cross-checked against standard fruit composition; ripeness varies,cross-validated,"Raw mulberries, average."
Muskmelon,Fruit,fruit,1 cup,160,1.3,14.0,0.3,55.0,0.81,8.75,0.19,34.38,USDA FoodData Central,USDA FoodData Central fruit reference,cross-validated,Ripe muskmelon.
Orange,Fruit,fruit,1 medium,131,1.18,15.46,0.13,61.6,0.9,11.8,0.1,47.0,USDA FoodData Central,USDA FoodData Central and IFCT 2017,cross-validated,Raw orange.
Papaya,Fruit,fruit,1 cup,145,0.72,15.95,0.43,62.4,0.5,11.0,0.3,43.0,USDA FoodData Central,USDA FoodData Central and IFCT 2017,cross-validated,Raw papaya.
Pineapple,Fruit,fruit,1 cup,165,0.82,21.61,0.17,82.5,0.5,13.1,0.1,50.0,USDA FoodData Central,USDA FoodData Central and IFCT 2017,cross-validated,Fresh pineapple.
Pomegranate,Fruit,fruit,1 cup,174,2.96,32.54,2.09,144.4,1.7,18.7,1.2,83.0,USDA FoodData Central,USDA FoodData Central and IFCT 2017,cross-validated,Arils only.
Raspberries,Fruit,fruit,1 cup,123,1.84,18.08,0.86,78.72,1.5,14.7,0.7,64.0,USDA FoodData Central + fruit composition tables,Cross-checked against standard fruit composition; ripeness varies,cross-validated,Raw raspberries.
Strawberries,Fruit,fruit,1 cup,152,1.0,12.0,0.5,49.0,0.66,7.89,0.33,32.24,USDA FoodData Central,USDA FoodData Central fruit reference,cross-validated,Fresh strawberries.
Strawberry,Fruit,fruit,1 cup,152,1.52,17.48,0.76,76.0,1.0,11.5,0.5,50.0,USDA FoodData Central + fruit composition tables,Cross-checked against standard fruit composition; ripeness varies,cross-validated,Raw strawberries.
Watermelon,Fruit,fruit,1 cup,152,0.91,11.55,0.3,45.6,0.6,7.6,0.2,30.0,USDA FoodData Central,USDA FoodData Central and IFCT 2017,cross-validated,Fresh watermelon.
Brinjal Curry,South Indian,vegetable,1 cup,200,5.0,20.0,16.0,240.0,2.5,10.0,8.0,120.0,IFCT 2017 + USDA FoodData Central + recipe estimate,Cross-checked against composition tables; recipe-dependent,estimated,Brinjal curry/baingan curry.
Beetroot,Vegetable,vegetable,1 cup,136,2.18,13.6,0.27,58.5,1.6,10.0,0.2,43.0,USDA FoodData Central,USDA FoodData Central and IFCT 2017,cross-validated,Cooked beetroot.
Bell Pepper,Vegetable,vegetable,1 medium,119,1.19,7.14,0.36,36.9,1.0,6.0,0.3,31.0,USDA FoodData Central,USDA FoodData Central and IFCT 2017,cross-validated,Raw bell pepper.
Bitter Gourd,Vegetable,vegetable,1 cup,100,1.0,4.0,0.2,20.0,1.0,4.0,0.2,20.0,USDA FoodData Central,USDA FoodData Central vegetable reference,cross-validated,Raw bitter gourd.
Bottle Gourd,Vegetable,vegetable,1 cup,100,0.8,3.5,0.1,16.0,0.8,3.5,0.1,16.0,USDA FoodData Central,USDA FoodData Central vegetable reference,cross-validated,Raw bottle gourd.
Brinjal,Vegetable,vegetable,1 cup,99,1.0,8.0,0.2,35.0,1.01,8.08,0.2,35.35,USDA FoodData Central,USDA FoodData Central vegetable reference,cross-validated,Raw brinjal/eggplant.
Broccoli,Vegetable,vegetable,1 cup,91,2.55,6.37,0.36,30.9,2.8,7.0,0.4,34.0,USDA FoodData Central,USDA FoodData Central and IFCT 2017,cross-validated,Raw broccoli.
Cabbage,Vegetable,vegetable,1 cup,89,1.16,5.16,0.09,22.2,1.3,5.8,0.1,25.0,USDA FoodData Central,USDA FoodData Central and IFCT 2017,cross-validated,Raw cabbage.
Capsicum,Vegetable,vegetable,1 medium,120,1.3,7.0,0.3,31.0,1.08,5.83,0.25,25.83,USDA FoodData Central,USDA FoodData Central vegetable reference,cross-validated,Raw bell pepper.
Carrot,Vegetable,vegetable,1 medium,61,0.55,5.86,0.12,25.0,0.9,9.6,0.2,41.0,USDA FoodData Central,USDA FoodData Central and IFCT 2017,cross-validated,Raw carrot.
Cauliflower,Vegetable,vegetable,1 cup,100,1.9,5.0,0.3,25.0,1.9,5.0,0.3,25.0,USDA FoodData Central,USDA FoodData Central and IFCT 2017,cross-validated,Raw cauliflower.
Corn,Vegetable,vegetable,1 cup,164,5.58,31.16,2.46,157.4,3.4,19.0,1.5,96.0,USDA FoodData Central,USDA FoodData Central and IFCT 2017,cross-validated,Cooked sweet corn.
Cucumber,Vegetable,vegetable,1 medium,201,1.41,7.24,0.2,30.1,0.7,3.6,0.1,15.0,USDA FoodData Central,USDA FoodData Central and IFCT 2017,cross-validated,Raw cucumber.
Drumstick,Vegetable,vegetable,1 cup,100,2.0,8.0,0.3,40.0,2.0,8.0,0.3,40.0,Standard recipe estimate,IFCT 2017 + USDA FoodData Central vegetable reference,recipe-estimate,"Drumstick pod, cooked style."
French Beans,Vegetable,vegetable,1 cup,100,1.8,7.0,0.2,35.0,1.8,7.0,0.2,35.0,USDA FoodData Central,USDA FoodData Central vegetable reference,cross-validated,Raw green beans.
Green Beans,Vegetable,vegetable,1 cup,125,2.25,8.75,0.12,38.8,1.8,7.0,0.1,31.0,USDA FoodData Central,USDA FoodData Central and IFCT 2017,cross-validated,Cooked green beans.
Green Peas,Vegetable,vegetable,1 cup,160,8.64,22.4,0.64,134.4,5.4,14.0,0.4,84.0,USDA FoodData Central,USDA FoodData Central and IFCT 2017,cross-validated,Cooked green peas.
Mushroom,Vegetable,vegetable,1 cup,70,2.17,2.31,0.21,15.4,3.1,3.3,0.3,22.0,USDA FoodData Central,USDA FoodData Central and IFCT 2017,cross-validated,Raw mushrooms.
Okra,Vegetable,vegetable,1 cup,100,1.9,7.5,0.2,33.0,1.9,7.5,0.2,33.0,USDA FoodData Central,USDA FoodData Central and IFCT 2017,cross-validated,Cooked okra.
Onion,Vegetable,vegetable,1 medium,110,1.21,10.23,0.11,44.0,1.1,9.3,0.1,40.0,USDA FoodData Central,USDA FoodData Central and IFCT 2017,cross-validated,Raw onion.
Potato,Vegetable,vegetable,1 medium,173,3.29,34.77,0.17,148.8,1.9,20.1,0.1,86.0,USDA FoodData Central,USDA FoodData Central and IFCT 2017,cross-validated,Boiled potato with skin.
Ridge Gourd,Vegetable,vegetable,1 cup,100,1.0,4.5,0.2,20.0,1.0,4.5,0.2,20.0,USDA FoodData Central,USDA FoodData Central vegetable reference,cross-validated,Raw ridge gourd.
Spinach,Vegetable,vegetable,1 cup,30,0.87,1.08,0.12,6.9,2.9,3.6,0.4,23.0,USDA FoodData Central,USDA FoodData Central and IFCT 2017,cross-validated,Raw spinach.
Sweet Corn,Vegetable,vegetable,1 cup,150,5.0,31.0,2.0,160.0,3.33,20.67,1.33,106.67,USDA FoodData Central,USDA FoodData Central vegetable reference,cross-validated,Cooked sweet corn kernels.
Sweet Potato,Vegetable,vegetable,1 medium,130,2.08,26.13,0.13,111.8,1.6,20.1,0.1,86.0,USDA FoodData Central,USDA FoodData Central and IFCT 2017,cross-validated,Boiled sweet potato.
Tomato,Vegetable,vegetable,1 medium,123,1.11,4.8,0.25,22.1,0.9,3.9,0.2,18.0,USDA FoodData Central,USDA FoodData Central and IFCT 2017,cross-validated,Raw tomato.
Peri Peri Chicken,African,protein,1 serving,200,30.0,5.0,12.0,250.0,15.0,2.5,6.0,125.0,Standard recipe estimate,USDA FoodData Central comparable grilled chicken reference,recipe-estimate,Spicy grilled chicken.
Suya,African,protein,1 skewer,120,20.0,4.0,14.0,230.0,16.67,3.33,11.67,191.67,Standard recipe estimate,FAO/INFOODS + comparable grilled meat reference,recipe-estimate,Spiced grilled meat skewer.
Beef (Lean),Ingredient,protein,100 g,100,26.0,0.0,15.0,250.0,26.0,0.0,15.0,250.0,USDA FoodData Central,USDA FoodData Central and IFCT 2017,cross-validated,Cooked lean beef.
Chicken Breast,Ingredient,protein,100 g,100,31.0,0.0,3.6,165.0,31.0,0.0,3.6,165.0,USDA FoodData Central,USDA FoodData Central and IFCT 2017,cross-validated,"Cooked, skinless."
Chicken Thigh,Ingredient,protein,100 g,100,26.0,0.0,10.9,209.0,26.0,0.0,10.9,209.0,USDA FoodData Central,USDA FoodData Central and IFCT 2017,cross-validated,"Cooked, skinless."
Mutton,Ingredient,protein,100 g,100,25.0,0.0,20.0,280.0,25.0,0.0,20.0,280.0,USDA FoodData Central,USDA FoodData Central and IFCT 2017,cross-validated,Cooked mutton/lamb average.
Paneer,Ingredient,protein,100 g,100,18.0,2.0,20.0,265.0,18.0,2.0,20.0,265.0,USDA FoodData Central,USDA FoodData Central and IFCT 2017,cross-validated,Fresh Indian cottage cheese.
Pork (Lean),Ingredient,protein,100 g,100,27.0,0.0,14.0,242.0,27.0,0.0,14.0,242.0,USDA FoodData Central,USDA FoodData Central and IFCT 2017,cross-validated,Cooked lean pork.
Prawn,Ingredient,protein,100 g,100,24.0,0.2,0.3,99.0,24.0,0.2,0.3,99.0,USDA FoodData Central,USDA FoodData Central and IFCT 2017,cross-validated,Cooked shrimp/prawn.
Salmon,Ingredient,protein,100 g,100,20.4,0.0,13.4,208.0,20.4,0.0,13.4,208.0,USDA FoodData Central,USDA FoodData Central and IFCT 2017,cross-validated,Cooked salmon.
Sardine,Ingredient,protein,100 g,100,24.6,0.0,10.5,208.0,24.6,0.0,10.5,208.0,USDA FoodData Central,USDA FoodData Central and IFCT 2017,cross-validated,Cooked sardines.
Tofu,Ingredient,protein,100 g,100,8.0,2.0,4.8,76.0,8.0,2.0,4.8,76.0,USDA FoodData Central,USDA FoodData Central and IFCT 2017,cross-validated,Firm tofu.
Tuna,Ingredient,protein,100 g,100,29.0,0.0,1.0,132.0,29.0,0.0,1.0,132.0,USDA FoodData Central,USDA FoodData Central and IFCT 2017,cross-validated,"Canned in water, drained."
Teriyaki Chicken,Japanese,protein,1 serving,180,24.0,20.0,8.0,260.0,13.33,11.11,4.44,144.44,Standard recipe estimate,USDA FoodData Central chicken reference,recipe-estimate,Chicken with teriyaki glaze.
Bulgogi,Korean,protein,1 serving,180,22.0,12.0,10.0,240.0,12.22,6.67,5.56,133.33,Standard recipe estimate,USDA FoodData Central beef reference,recipe-estimate,Marinated beef.
Tempeh,Vegan,protein,100 g,100,19.0,9.0,11.0,190.0,19.0,9.0,11.0,190.0,USDA FoodData Central,USDA FoodData Central protein reference,cross-validated,Fermented soy cake.
Vegan Burger Patty,Vegan,protein,1 patty,100,12.0,18.0,7.0,170.0,12.0,18.0,7.0,170.0,Standard recipe estimate,USDA FoodData Central burger patty average,recipe-estimate,Plant-based burger patty.
Boiled Egg,Western,protein,1 large,50,6.3,0.55,4.75,71.5,12.6,1.1,9.5,143.0,USDA FoodData Central + FAO/INFOODS/CoFID,USDA FoodData Central + FAO/INFOODS/CoFID,cross-validated,Boiled whole egg.
Egg,Western,protein,1 large,50,6.3,0.55,4.75,71.5,12.6,1.1,9.5,143.0,USDA FoodData Central + FAO/INFOODS/CoFID,USDA FoodData Central + FAO/INFOODS/CoFID,cross-validated,Whole chicken egg.
Ham,Western,protein,2 slices,60,10.8,0.9,4.8,87.0,18.0,1.5,8.0,145.0,USDA FoodData Central + FAO/INFOODS/CoFID,USDA FoodData Central + FAO/INFOODS/CoFID,cross-validated,Lean ham slices.
Sausage,Western,protein,1 piece,50,7.0,1.0,15.0,165.0,14.0,2.0,30.0,330.0,USDA FoodData Central + FAO/INFOODS/CoFID,USDA FoodData Central + FAO/INFOODS/CoFID,cross-validated,Pork sausage.
Scrambled Eggs,Western,protein,2 eggs,100,11.5,2.0,13.0,170.0,11.5,2.0,13.0,170.0,USDA FoodData Central + FAO/INFOODS/CoFID,USDA FoodData Central + FAO/INFOODS/CoFID,cross-validated,With a little milk/butter.
Cream Cheese,Dairy,dairy,1 tbsp,15,1.0,1.0,5.0,50.0,6.67,6.67,33.33,333.33,USDA FoodData Central,USDA FoodData Central dairy reference,cross-validated,Cream cheese spread.
Mozzarella Cheese,Dairy,dairy,1 slice,20,5.0,1.0,6.0,80.0,25.0,5.0,30.0,400.0,USDA FoodData Central,USDA FoodData Central dairy reference,cross-validated,Mozzarella slice.
Processed Cheese Slice,Dairy,dairy,1 slice,20,4.0,1.0,5.0,70.0,20.0,5.0,25.0,350.0,USDA FoodData Central,USDA FoodData Central dairy reference,cross-validated,Processed slice.
Curd,Indian,dairy,1 cup,245,8.57,11.52,8.09,149.45,3.5,4.7,3.3,61.0,USDA FoodData Central + egg dish averages,Cross-checked against standard egg nutrition; cooking fat varies,cross-validated,Plain curd/yogurt.
Cheddar Cheese,Western,dairy,1 slice,28,7.0,0.36,9.24,112.8,25.0,1.3,33.0,403.0,USDA FoodData Central + FAO/INFOODS/CoFID,USDA FoodData Central + FAO/INFOODS/CoFID,cross-validated,Cheddar cheese slice.
Plain Yogurt,Western,dairy,1 cup,245,8.57,11.52,8.09,149.4,3.5,4.7,3.3,61.0,USDA FoodData Central + FAO/INFOODS/CoFID,USDA FoodData Central + FAO/INFOODS/CoFID,cross-validated,Plain yogurt.
Canola Oil,Ingredient,fat,1 tbsp,14,0.0,0.0,14.0,120.0,0.0,0.0,100.0,857.14,USDA FoodData Central,USDA FoodData Central fat reference,cross-validated,Pure oil.
Coconut,Ingredient,fat,1 cup,80,2.64,12.16,26.8,283.2,3.3,15.2,33.5,354.0,USDA FoodData Central,USDA FoodData Central and IFCT 2017,cross-validated,Fresh coconut flesh.
Coconut Oil,Ingredient,fat,1 tbsp,14,0.0,0.0,14.0,120.0,0.0,0.0,100.0,857.14,USDA FoodData Central,USDA FoodData Central fat reference,cross-validated,Pure oil.
Cooking Oil,Ingredient,fat,1 tbsp,14,0.0,0.0,14.0,126.0,0.0,0.0,100.0,900.0,USDA FoodData Central,USDA FoodData Central and IFCT 2017,cross-validated,"Any vegetable oil, pure fat basis."
Ghee,Ingredient,fat,1 tsp,5,0.0,0.0,5.0,45.0,0.0,0.0,100.0,900.0,USDA FoodData Central,USDA FoodData Central and IFCT 2017,cross-validated,Clarified butter.
Groundnut Oil,Ingredient,fat,1 tbsp,14,0.0,0.0,14.0,120.0,0.0,0.0,100.0,857.14,USDA FoodData Central,USDA FoodData Central fat reference,cross-validated,Pure oil.
Mustard Oil,Ingredient,fat,1 tbsp,14,0.0,0.0,14.0,120.0,0.0,0.0,100.0,857.14,USDA FoodData Central,USDA FoodData Central fat reference,cross-validated,Pure oil.
Olive Oil,Ingredient,fat,1 tbsp,14,0.0,0.0,14.0,119.0,0.0,0.0,100.0,850.0,USDA FoodData Central,USDA FoodData Central fat reference,cross-validated,Pure oil.
Peanut Butter,Ingredient,fat,1 tbsp,16,4.0,3.2,8.0,94.1,25.0,20.0,50.0,588.0,USDA FoodData Central,USDA FoodData Central and IFCT 2017,cross-validated,Smooth peanut butter.
Peanut Oil,Ingredient,fat,1 tbsp,14,0.0,0.0,14.0,123.76,0.0,0.0,100.0,884.0,USDA FoodData Central + edible oil averages,Cross-checked against standard edible oil profiles,cross-validated,Peanut oil.
Rice Bran Oil,Ingredient,fat,1 tbsp,14,0.0,0.0,14.0,120.0,0.0,0.0,100.0,857.14,USDA FoodData Central,USDA FoodData Central fat reference,cross-validated,Pure oil.
Sesame Oil,Ingredient,fat,1 tbsp,14,0.0,0.0,14.0,120.0,0.0,0.0,100.0,857.14,USDA FoodData Central,USDA FoodData Central fat reference,cross-validated,Pure oil.
Sunflower Oil,Ingredient,fat,1 tbsp,14,0.0,0.0,14.0,120.0,0.0,0.0,100.0,857.14,USDA FoodData Central,USDA FoodData Central fat reference,cross-validated,Pure oil.
Vegan Butter,Vegan,fat,1 tbsp,14,0.0,0.0,1.54,14.0,0.0,0.0,11.0,100.0,USDA FoodData Central + plant beverage averages,Cross-checked against typical market formulations; brand varies,cross-validated,Plant-based butter spread.
Bread Bun,Bakery,bakery,1 piece,50,4.0,25.0,1.5,135.0,8.0,50.0,3.0,270.0,USDA FoodData Central + fast-food averages,Cross-checked against common fast-food and bakery averages,estimated,"Plain bun, average."
Butter Toast,Bakery,bakery,2 slices,70,5.0,30.0,7.0,220.0,7.14,42.86,10.0,314.29,Standard recipe estimate,USDA FoodData Central bread reference,recipe-estimate,Toast with butter.
Egg Puff,Bakery,bakery,1 piece,80,7.0,19.0,14.0,250.0,8.75,23.75,17.5,312.5,Standard recipe estimate,USDA FoodData Central bakery reference,recipe-estimate,Egg puff pastry.
Khara Bun,Bakery,bakery,1 piece,60,5.0,30.0,4.0,180.0,8.33,50.0,6.67,300.0,Standard recipe estimate,USDA FoodData Central bakery reference,recipe-estimate,Spiced savory bun.
Muffin,Bakery,bakery,1 piece,90,4.0,35.0,12.0,280.0,4.44,38.89,13.33,311.11,Standard recipe estimate,USDA FoodData Central bakery reference,recipe-estimate,Sweet bakery muffin.
Mushroom Puff,Bakery,bakery,1 piece,85,6.0,21.0,13.0,240.0,7.06,24.71,15.29,282.35,Standard recipe estimate,USDA FoodData Central bakery reference,recipe-estimate,Mushroom puff pastry.
Paneer Puff,Bakery,bakery,1 piece,90,8.0,22.0,15.0,270.0,8.89,24.44,16.67,300.0,Standard recipe estimate,USDA FoodData Central bakery reference,recipe-estimate,Paneer puff pastry.
Pav,Bakery,bakery,1 piece,50,4.0,26.0,3.0,150.0,8.0,52.0,6.0,300.0,USDA FoodData Central,USDA FoodData Central bread reference,cross-validated,Soft pav bun.
Plain Bun,Bakery,bakery,1 piece,50,4.0,25.0,3.0,150.0,8.0,50.0,6.0,300.0,USDA FoodData Central,USDA FoodData Central bakery reference,cross-validated,Soft white bun.
Toast,Bakery,bakery,2 slices,60,5.0,30.0,4.0,180.0,8.33,50.0,6.67,300.0,USDA FoodData Central,USDA FoodData Central bread reference,cross-validated,"Toast bread, plain."
Veg Puff,Bakery,bakery,1 piece,75,5.0,20.0,12.0,220.0,6.67,26.67,16.0,293.33,Standard recipe estimate,USDA FoodData Central bakery reference,recipe-estimate,Vegetable puff pastry.
Couscous,African,staple,1 cup,157,9.42,56.52,0.47,276.32,6.0,36.0,0.3,176.0,FAO/INFOODS + regional recipe estimate,Cross-checked against regional composition references; recipe-dependent,cross-validated,Cooked couscous.
Fufu,African,staple,1 cup,200,3.0,96.0,1.0,440.0,1.5,48.0,0.5,220.0,FAO/INFOODS + regional recipe estimate,Cross-checked against regional composition references; recipe-dependent,estimated,"Fufu, average cassava/yam-based."
Injera,African,staple,1 piece,100,5.0,25.0,1.0,130.0,5.0,25.0,1.0,130.0,FAO/INFOODS,FAO/INFOODS staple reference,cross-validated,Fermented flatbread.
Pap / Ugali,African,staple,1 cup,200,3.0,40.0,1.0,190.0,1.5,20.0,0.5,95.0,FAO/INFOODS,FAO/INFOODS staple reference,cross-validated,Maize meal staple.
Ugali,African,staple,1 serving,180,7.2,73.8,1.8,360.0,4.0,41.0,1.0,200.0,FAO/INFOODS + regional recipe estimate,Cross-checked against regional composition references; recipe-dependent,estimated,"Maize ugali, average."
Luchi,Bengali,staple,1 piece,25,3.0,12.0,6.0,114.0,12.0,48.0,24.0,456.0,Indian Food Composition Tables (IFCT 2017),Standard recipe estimate cross-checked against ingredient tables,estimated,Deep-fried white flour bread.
Thepla,Gujarati,staple,1 piece,40,2.4,11.2,4.0,84.0,6.0,28.0,10.0,210.0,IFCT 2017 + USDA FoodData Central + standard recipe estimate,Standard recipe estimate cross-checked against ingredient tables,cross-validated,"Methi thepla, lightly oiled."
Jolada Rotti,Karnataka,staple,1 piece,50,2.5,17.0,0.75,80.0,5.0,34.0,1.5,160.0,IFCT 2017 + USDA FoodData Central + recipe estimate,Cross-checked against composition tables; recipe-dependent,estimated,"Jowar rotti, average."
Thalipeeth,Marathi,staple,1 piece,70,4.2,21.0,5.6,133.0,6.0,30.0,8.0,190.0,IFCT 2017 + USDA FoodData Central + standard recipe estimate,Standard recipe estimate cross-checked against ingredient tables,cross-validated,Multigrain flatbread.
Sticky Rice,North Eastern,staple,1 cup,180,4.86,50.4,0.54,234.0,2.7,28.0,0.3,130.0,IFCT 2017 + USDA FoodData Central + standard recipe estimate,Standard recipe estimate cross-checked against ingredient tables,cross-validated,Cooked sticky rice.
Aloo Paratha,North Indian,staple,1 piece,120,6.6,34.8,14.4,288.0,5.5,29.0,12.0,240.0,IFCT 2017 + USDA FoodData Central + standard recipe estimate,Standard recipe estimate cross-checked against ingredient tables,cross-validated,Stuffed potato paratha.
Bhature,North Indian,staple,1 piece,80,6.0,30.0,10.0,234.0,7.5,37.5,12.5,292.5,Indian Food Composition Tables (IFCT 2017),Standard recipe estimate cross-checked against ingredient tables,estimated,Deep-fried leavened bread.
Chapati,North Indian,staple,1 piece,43,3.4,8.51,1.42,58.5,7.9,19.8,3.3,136.0,IFCT 2017 + USDA FoodData Central + standard recipe estimate,Standard recipe estimate cross-checked against ingredient tables,cross-validated,Whole-wheat roti.
Kulcha,North Indian,staple,1 piece,70,5.0,25.0,8.0,192.0,7.14,35.71,11.43,274.29,Indian Food Composition Tables (IFCT 2017),Standard recipe estimate cross-checked against ingredient tables,estimated,Soft leavened bread.
Makki di Roti,North Indian,staple,1 piece,60,4.0,20.0,5.0,141.0,6.67,33.33,8.33,235.0,Indian Food Composition Tables (IFCT 2017),Standard recipe estimate cross-checked against ingredient tables,estimated,Cornmeal flatbread.
Missi Roti,North Indian,staple,1 piece,50,5.0,18.0,4.0,128.0,10.0,36.0,8.0,256.0,Indian Food Composition Tables (IFCT 2017),Standard recipe estimate cross-checked against ingredient tables,estimated,Gram flour and wheat flatbread.
Naan,North Indian,staple,1 piece,90,7.92,48.6,4.86,263.7,8.8,54.0,5.4,293.0,IFCT 2017 + USDA FoodData Central + standard recipe estimate,Standard recipe estimate cross-checked against ingredient tables,cross-validated,Plain naan.
Plain Paratha,North Indian,staple,1 piece,80,5.6,28.8,9.6,237.6,7.0,36.0,12.0,297.0,IFCT 2017 + USDA FoodData Central + standard recipe estimate,Standard recipe estimate cross-checked against ingredient tables,cross-validated,Pan-fried with oil/ghee.
Poori,North Indian,staple,1 piece,30,1.8,11.7,6.0,109.5,6.0,39.0,20.0,365.0,IFCT 2017 + USDA FoodData Central + standard recipe estimate,Standard recipe estimate cross-checked against ingredient tables,cross-validated,Deep-fried wheat bread.
Tandoori Roti,North Indian,staple,1 piece,60,4.8,28.8,1.5,150.0,8.0,48.0,2.5,250.0,IFCT 2017 + USDA FoodData Central + standard recipe estimate,Standard recipe estimate cross-checked against ingredient tables,cross-validated,Tandoor-baked wheat flatbread.
Bread (White),Western,staple,1 slice,25,2.25,12.25,0.8,66.5,9.0,49.0,3.2,266.0,USDA FoodData Central + FAO/INFOODS/CoFID,USDA FoodData Central + FAO/INFOODS/CoFID,cross-validated,Standard white bread.
Bread (Whole Wheat),Western,staple,1 slice,30,3.9,12.3,1.26,74.1,13.0,41.0,4.2,247.0,USDA FoodData Central + FAO/INFOODS/CoFID,USDA FoodData Central + FAO/INFOODS/CoFID,cross-validated,Whole wheat bread.
Butter,Western,ingredient,1 tbsp,14,0.13,0.01,11.34,100.4,0.9,0.1,81.0,717.0,USDA FoodData Central + FAO/INFOODS/CoFID,USDA FoodData Central + FAO/INFOODS/CoFID,cross-validated,Unsalted butter.
Almonds,Ingredient,nut,1 handful,28,5.88,6.16,14.0,162.1,21.0,22.0,50.0,579.0,USDA FoodData Central,USDA FoodData Central and IFCT 2017,cross-validated,Raw almonds.
Cashews,Ingredient,nut,1 handful,28,5.04,8.4,12.32,154.8,18.0,30.0,44.0,553.0,USDA FoodData Central,USDA FoodData Central and IFCT 2017,cross-validated,Raw cashews.
Mixed Dry Fruits,Ingredient,nut,1 tbsp,10,1.5,4.0,4.8,60.0,15.0,40.0,48.0,600.0,Standard recipe estimate,USDA FoodData Central nut reference,recipe-estimate,Mixed nuts and raisins.
Peanuts,Ingredient,nut,1 handful,28,7.28,4.48,13.72,158.8,26.0,16.0,49.0,567.0,USDA FoodData Central,USDA FoodData Central and IFCT 2017,cross-validated,Dry roasted peanuts.
Pistachios,Ingredient,nut,1 tbsp,10,2.0,2.7,5.0,57.0,20.0,27.0,50.0,570.0,USDA FoodData Central,USDA FoodData Central nut reference,cross-validated,"Raw pistachios, spoon measure."
Walnuts,Ingredient,nut,1 handful,28,4.2,3.92,18.2,183.1,15.0,14.0,65.0,654.0,USDA FoodData Central,USDA FoodData Central and IFCT 2017,cross-validated,Raw walnuts.
Brazil Nuts,Nut,nut,1 handful,28,4.0,3.44,18.59,184.52,14.3,12.3,66.4,659.0,USDA FoodData Central + nut composition tables,Cross-checked against standard nut composition tables,cross-validated,"Brazil nuts, average handful."
Macadamia Nuts,Nut,nut,1 handful,28,2.18,3.86,21.22,201.04,7.8,13.8,75.8,718.0,USDA FoodData Central + nut composition tables,Cross-checked against standard nut composition tables,cross-validated,"Macadamia nuts, average handful."
Pecans,Nut,nut,1 handful,28,2.58,3.89,20.16,193.48,9.2,13.9,72.0,691.0,USDA FoodData Central + nut composition tables,Cross-checked against standard nut composition tables,cross-validated,"Pecans, average handful."
Chickpeas (Cooked),Ingredient,legume,1 cup,164,14.6,44.94,4.26,269.0,8.9,27.4,2.6,164.0,USDA FoodData Central,USDA FoodData Central and IFCT 2017,cross-validated,Boiled chickpeas.
Lentils (Cooked),Ingredient,legume,1 cup,198,17.82,39.8,0.79,229.7,9.0,20.1,0.4,116.0,USDA FoodData Central,USDA FoodData Central and IFCT 2017,cross-validated,Boiled lentils.
Rajma (Cooked),Ingredient,legume,1 cup,177,15.4,40.36,0.89,224.8,8.7,22.8,0.5,127.0,USDA FoodData Central,USDA FoodData Central and IFCT 2017,cross-validated,Boiled kidney beans.
Sprouts,Ingredient,legume,1 cup,100,4.0,7.0,0.5,35.0,4.0,7.0,0.5,35.0,USDA FoodData Central,USDA FoodData Central and IFCT 2017,cross-validated,"Mixed sprouts, raw."
Dates Chopped,Ingredient,sweetener,1 tbsp,10,0.3,7.5,0.0,28.0,3.0,75.0,0.0,280.0,USDA FoodData Central,USDA FoodData Central dried fruit reference,cross-validated,"Chopped dates, spoon measure."
Honey,Ingredient,sweetener,1 tbsp,21,0.06,17.22,0.0,63.8,0.3,82.0,0.0,304.0,USDA FoodData Central,USDA FoodData Central and IFCT 2017,cross-validated,Pure honey.
Jaggery,Ingredient,sweetener,1 piece,10,0.0,9.8,0.0,38.3,0.0,98.0,0.0,383.0,USDA FoodData Central,USDA FoodData Central and IFCT 2017,cross-validated,Unrefined sugar.
Raisins,Ingredient,sweetener,1 tbsp,10,0.3,8.0,0.0,30.0,3.0,80.0,0.0,300.0,USDA FoodData Central,USDA FoodData Central dried fruit reference,cross-validated,"Raisins, spoon measure."
Sugar,Ingredient,sweetener,1 tsp,4,0.0,4.0,0.0,15.5,0.0,100.0,0.0,387.0,USDA FoodData Central,USDA FoodData Central and IFCT 2017,cross-validated,Table sugar.
Chia Seeds,Ingredient,seed,1 tbsp,12,2.04,5.04,3.72,58.3,17.0,42.0,31.0,486.0,USDA FoodData Central,USDA FoodData Central and IFCT 2017,cross-validated,Dry chia seeds.
